,Winner,Turns,Win_Rate
0,AI,52.0,1.0
1,AI,31.0,1.0
2,AI,17.0,1.0
3,AI,15.0,1.0
4,AI,64.0,1.0
5,AI,22.0,1.0
6,AI,14.0,1.0
7,Bot,72.0,0.125
8,Bot,127.0,0.2222222222222222
9,Bot,34.0,0.3
10,AI,66.0,0.7272727272727273
11,AI,27.0,0.75
12,AI,42.0,0.7692307692307693
13,Bot,20.0,0.2857142857142857
14,Bot,55.0,0.3333333333333333
15,AI,76.0,0.6875
16,Bot,29.0,0.35294117647058826
17,Bot,23.0,0.3888888888888889
18,Bot,25.0,0.42105263157894735
19,Bot,34.0,0.45
20,Bot,12.0,0.47619047619047616
21,AI,71.0,0.5454545454545454
22,Bot,32.0,0.4782608695652174
23,AI,126.0,0.5416666666666666
24,AI,14.0,0.56
25,Bot,54.0,0.46153846153846156
26,AI,60.0,0.5555555555555556
27,AI,15.0,0.5714285714285714
28,AI,17.0,0.5862068965517241
29,AI,45.0,0.6
30,,,
31,AI,68.0,0.59375
32,AI,147.0,0.6060606060606061
33,AI,59.0,0.6176470588235294
34,AI,125.0,0.6285714285714286
35,Bot,46.0,0.3611111111111111
36,AI,62.0,0.6216216216216216
37,Bot,138.0,0.3684210526315789
38,Bot,20.0,0.38461538461538464
39,Bot,25.0,0.4
40,AI,53.0,0.5853658536585366
41,AI,113.0,0.5952380952380952
42,AI,40.0,0.6046511627906976
43,AI,86.0,0.6136363636363636
44,Bot,26.0,0.37777777777777777
45,AI,27.0,0.6086956521739131
46,AI,23.0,0.6170212765957447
47,Bot,126.0,0.375
48,AI,101.0,0.6122448979591837
49,Bot,42.0,0.38
50,Bot,52.0,0.39215686274509803
51,,,
52,AI,66.0,0.5849056603773585
53,AI,139.0,0.5925925925925926
54,AI,44.0,0.6
55,AI,37.0,0.6071428571428571
56,AI,63.0,0.6140350877192983
57,AI,68.0,0.6206896551724138
58,AI,23.0,0.6271186440677966
59,AI,36.0,0.6333333333333333
60,AI,40.0,0.639344262295082
61,AI,37.0,0.6451612903225806
62,AI,30.0,0.6507936507936508
63,AI,55.0,0.65625
64,Bot,71.0,0.3230769230769231
65,AI,47.0,0.6515151515151515
66,Bot,30.0,0.3283582089552239
67,AI,77.0,0.6470588235294118
68,AI,25.0,0.6521739130434783
69,AI,102.0,0.6571428571428571
70,AI,29.0,0.6619718309859155
71,AI,28.0,0.6666666666666666
72,Bot,28.0,0.3150684931506849
73,AI,57.0,0.6621621621621622
74,Bot,40.0,0.32
75,AI,98.0,0.6578947368421053
76,AI,95.0,0.6623376623376623
77,AI,72.0,0.6666666666666666
78,Bot,47.0,0.31645569620253167
79,AI,62.0,0.6625
80,Bot,100.0,0.32098765432098764
81,AI,26.0,0.6585365853658537
82,AI,18.0,0.6626506024096386
83,AI,50.0,0.6666666666666666
84,AI,45.0,0.6705882352941176
85,AI,29.0,0.6744186046511628
86,AI,10.0,0.6781609195402298
87,Bot,88.0,0.3068181818181818
88,AI,27.0,0.6741573033707865
89,AI,35.0,0.6777777777777778
90,AI,45.0,0.6813186813186813
91,AI,25.0,0.6847826086956522
92,AI,33.0,0.6881720430107527
93,AI,19.0,0.6914893617021277
94,AI,67.0,0.6947368421052632
95,AI,33.0,0.6979166666666666
96,AI,45.0,0.7010309278350515
97,AI,23.0,0.7040816326530612
98,AI,38.0,0.7070707070707071
99,Bot,33.0,0.28
100,Bot,32.0,0.2871287128712871
101,AI,35.0,0.696078431372549
102,Bot,44.0,0.2912621359223301
103,AI,109.0,0.6923076923076923
104,Bot,73.0,0.29523809523809524
105,AI,46.0,0.6886792452830188
106,AI,43.0,0.6915887850467289
107,Bot,36.0,0.2962962962962963
108,AI,56.0,0.6880733944954128
109,AI,48.0,0.6909090909090909
110,AI,90.0,0.6936936936936937
111,AI,135.0,0.6964285714285714
112,AI,13.0,0.6991150442477876
113,Bot,86.0,0.2894736842105263
114,Bot,13.0,0.2956521739130435
115,Bot,71.0,0.3017241379310345
116,AI,63.0,0.6837606837606838
117,AI,122.0,0.6864406779661016
118,AI,103.0,0.6890756302521008
119,AI,112.0,0.6916666666666667
120,AI,94.0,0.6942148760330579
121,Bot,22.0,0.29508196721311475
122,Bot,59.0,0.3008130081300813
123,AI,32.0,0.6854838709677419
124,Bot,60.0,0.304
125,AI,76.0,0.6825396825396826
126,Bot,64.0,0.30708661417322836
127,Bot,73.0,0.3125
128,AI,45.0,0.6744186046511628
129,AI,46.0,0.676923076923077
130,AI,38.0,0.6793893129770993
131,AI,54.0,0.6818181818181818
132,Bot,109.0,0.3082706766917293
133,Bot,40.0,0.31343283582089554
134,Bot,27.0,0.31851851851851853
135,Bot,102.0,0.3235294117647059
136,Bot,39.0,0.3284671532846715
137,Bot,36.0,0.3333333333333333
138,AI,73.0,0.6546762589928058
139,AI,53.0,0.6571428571428571
140,AI,101.0,0.6595744680851063
141,Bot,19.0,0.33098591549295775
142,,,
143,Bot,36.0,0.3333333333333333
144,Bot,80.0,0.33793103448275863
145,Bot,25.0,0.3424657534246575
146,AI,37.0,0.6394557823129252
147,Bot,37.0,0.34459459459459457
148,Bot,108.0,0.348993288590604
149,Bot,38.0,0.35333333333333333
150,AI,129.0,0.6291390728476821
151,Bot,83.0,0.35526315789473684
152,AI,165.0,0.6274509803921569
153,AI,34.0,0.6298701298701299
154,AI,128.0,0.632258064516129
155,Bot,34.0,0.3525641025641026
156,AI,52.0,0.6305732484076433
157,Bot,53.0,0.35443037974683544
158,AI,24.0,0.6289308176100629
159,AI,45.0,0.63125
160,AI,48.0,0.6335403726708074
161,AI,18.0,0.6358024691358025
162,AI,13.0,0.6380368098159509
163,AI,35.0,0.6402439024390244
164,AI,48.0,0.6424242424242425
165,AI,127.0,0.6445783132530121
166,AI,16.0,0.6467065868263473
167,AI,24.0,0.6488095238095238
168,AI,47.0,0.650887573964497
169,Bot,36.0,0.3352941176470588
170,AI,37.0,0.6491228070175439
171,AI,63.0,0.6511627906976745
172,AI,103.0,0.653179190751445
173,AI,30.0,0.6551724137931034
174,AI,15.0,0.6571428571428571
175,AI,47.0,0.6590909090909091
176,Bot,63.0,0.327683615819209
177,Bot,12.0,0.33146067415730335
178,Bot,98.0,0.33519553072625696
179,Bot,35.0,0.3388888888888889
180,AI,72.0,0.6464088397790055
181,Bot,29.0,0.34065934065934067
182,AI,55.0,0.644808743169399
183,AI,59.0,0.6467391304347826
184,AI,63.0,0.6486486486486487
185,Bot,43.0,0.3387096774193548
186,AI,65.0,0.6470588235294118
187,Bot,125.0,0.3404255319148936
188,Bot,36.0,0.3439153439153439
189,Bot,20.0,0.3473684210526316
190,Bot,32.0,0.3507853403141361
191,AI,80.0,0.6354166666666666
192,Bot,43.0,0.35233160621761656
193,Bot,107.0,0.3556701030927835
194,AI,41.0,0.6307692307692307
195,AI,36.0,0.6326530612244898
196,Bot,28.0,0.3553299492385787
197,AI,97.0,0.6313131313131313
198,AI,86.0,0.6331658291457286
199,AI,46.0,0.635
200,AI,32.0,0.6368159203980099
201,AI,29.0,0.6386138613861386
202,AI,26.0,0.6403940886699507
203,AI,56.0,0.6421568627450981
204,AI,118.0,0.6439024390243903
205,Bot,28.0,0.3446601941747573
206,AI,36.0,0.642512077294686
207,AI,102.0,0.6442307692307693
208,Bot,25.0,0.3444976076555024
209,Bot,43.0,0.3476190476190476
210,Bot,24.0,0.35071090047393366
211,Bot,76.0,0.35377358490566035
212,AI,53.0,0.6338028169014085
213,AI,45.0,0.6355140186915887
214,AI,55.0,0.6372093023255814
215,Bot,60.0,0.35185185185185186
216,Bot,23.0,0.3548387096774194
217,Bot,90.0,0.3577981651376147
218,AI,35.0,0.6301369863013698
219,Bot,65.0,0.35909090909090907
220,AI,66.0,0.6289592760180995
221,AI,102.0,0.6306306306306306
222,Bot,70.0,0.35874439461883406
223,AI,46.0,0.6294642857142857
224,AI,150.0,0.6311111111111111
225,AI,35.0,0.6327433628318584
226,AI,76.0,0.6343612334801763
227,Bot,112.0,0.35526315789473684
228,AI,79.0,0.6331877729257642
229,Bot,43.0,0.3565217391304348
230,Bot,36.0,0.3593073593073593
231,AI,67.0,0.6293103448275862
232,AI,34.0,0.630901287553648
233,AI,27.0,0.6324786324786325
234,Bot,43.0,0.3574468085106383
235,Bot,12.0,0.3601694915254237
236,Bot,43.0,0.3628691983122363
237,AI,34.0,0.6260504201680672
238,Bot,86.0,0.36401673640167365
239,Bot,78.0,0.36666666666666664
240,Bot,30.0,0.36929460580912865
241,AI,32.0,0.6198347107438017
242,AI,59.0,0.6213991769547325
243,Bot,75.0,0.36885245901639346
244,AI,119.0,0.6204081632653061
245,AI,79.0,0.6219512195121951
246,AI,17.0,0.6234817813765182
247,AI,49.0,0.625
248,AI,108.0,0.6265060240963856
249,AI,26.0,0.628
250,AI,53.0,0.6294820717131474
251,AI,29.0,0.6309523809523809
252,AI,74.0,0.6324110671936759
253,AI,147.0,0.6338582677165354
254,AI,53.0,0.6352941176470588
255,Bot,95.0,0.35546875
256,Bot,44.0,0.35797665369649806
257,,,
258,Bot,66.0,0.3590733590733591
259,Bot,49.0,0.36153846153846153
260,AI,41.0,0.6245210727969349
261,AI,20.0,0.6259541984732825
262,AI,31.0,0.6273764258555133
263,AI,33.0,0.6287878787878788
264,AI,45.0,0.630188679245283
265,AI,74.0,0.631578947368421
266,Bot,47.0,0.35580524344569286
267,Bot,57.0,0.3582089552238806
268,Bot,56.0,0.36059479553903345
269,Bot,75.0,0.362962962962963
270,AI,31.0,0.6236162361623616
271,AI,77.0,0.625
272,AI,128.0,0.6263736263736264
273,AI,27.0,0.6277372262773723
274,AI,27.0,0.6290909090909091
275,Bot,140.0,0.358695652173913
276,AI,20.0,0.628158844765343
277,Bot,27.0,0.3597122302158273
278,Bot,32.0,0.36200716845878134
279,AI,57.0,0.625
280,Bot,50.0,0.36298932384341637
281,AI,44.0,0.624113475177305
282,AI,31.0,0.6254416961130742
283,Bot,102.0,0.3626760563380282
284,AI,42.0,0.624561403508772
285,Bot,44.0,0.36363636363636365
286,AI,67.0,0.6236933797909407
287,Bot,87.0,0.3645833333333333
288,AI,50.0,0.6228373702422145
289,AI,38.0,0.6241379310344828
290,Bot,33.0,0.3642611683848797
291,AI,66.0,0.6232876712328768
292,AI,78.0,0.6245733788395904
293,AI,11.0,0.6258503401360545
294,Bot,37.0,0.36271186440677966
295,AI,65.0,0.625
296,Bot,19.0,0.36363636363636365
297,,,
298,AI,102.0,0.6220735785953178
299,AI,34.0,0.6233333333333333
300,AI,40.0,0.6245847176079734
301,AI,29.0,0.6258278145695364
302,AI,32.0,0.6270627062706271
303,AI,31.0,0.6282894736842105
304,AI,28.0,0.6295081967213115
305,AI,80.0,0.630718954248366
306,Bot,57.0,0.3550488599348534
307,Bot,70.0,0.35714285714285715
308,Bot,22.0,0.3592233009708738
309,Bot,58.0,0.36129032258064514
310,Bot,48.0,0.3633440514469453
311,Bot,28.0,0.36538461538461536
312,AI,36.0,0.6198083067092651
313,AI,28.0,0.6210191082802548
314,Bot,82.0,0.36507936507936506
315,Bot,16.0,0.3670886075949367
316,AI,87.0,0.6182965299684543
317,AI,29.0,0.6194968553459119
318,Bot,58.0,0.3667711598746082
319,AI,17.0,0.61875
320,AI,21.0,0.6199376947040498
321,Bot,59.0,0.36645962732919257
322,AI,41.0,0.6191950464396285
323,AI,65.0,0.6203703703703703
324,AI,43.0,0.6215384615384615
325,AI,16.0,0.6226993865030674
326,AI,61.0,0.6238532110091743
327,AI,43.0,0.625
328,Bot,47.0,0.3617021276595745
329,Bot,57.0,0.36363636363636365
330,AI,45.0,0.622356495468278
331,Bot,76.0,0.3644578313253012
332,AI,59.0,0.6216216216216216
333,Bot,99.0,0.3652694610778443
334,Bot,46.0,0.36716417910447763
335,Bot,106.0,0.36904761904761907
336,AI,121.0,0.6172106824925816
337,Bot,40.0,0.3698224852071006
338,AI,33.0,0.616519174041298
339,AI,53.0,0.6176470588235294
340,AI,57.0,0.6187683284457478
341,AI,16.0,0.6198830409356725
342,AI,44.0,0.6209912536443148
343,Bot,34.0,0.36627906976744184
344,Bot,92.0,0.3681159420289855
345,AI,55.0,0.6184971098265896
346,AI,44.0,0.6195965417867435
347,AI,21.0,0.6206896551724138
348,Bot,31.0,0.3667621776504298
349,AI,89.0,0.62
350,AI,74.0,0.6210826210826211
351,Bot,27.0,0.3664772727272727
352,AI,110.0,0.6203966005665722
353,AI,15.0,0.6214689265536724
354,AI,52.0,0.6225352112676056
355,AI,17.0,0.6235955056179775
356,AI,62.0,0.6246498599439776
357,Bot,43.0,0.36312849162011174
358,Bot,55.0,0.3649025069637883
359,Bot,149.0,0.36666666666666664
360,Bot,22.0,0.3684210526315789
361,Bot,37.0,0.3701657458563536
362,Bot,45.0,0.371900826446281
363,Bot,13.0,0.37362637362637363
364,AI,158.0,0.6136986301369863
365,Bot,34.0,0.3743169398907104
366,Bot,86.0,0.3760217983651226
367,AI,114.0,0.6114130434782609
368,Bot,109.0,0.37669376693766937
369,AI,67.0,0.6108108108108108
370,AI,27.0,0.6118598382749326
371,Bot,45.0,0.3763440860215054
372,AI,45.0,0.6112600536193029
373,Bot,56.0,0.3770053475935829
374,AI,66.0,0.6106666666666667
375,Bot,21.0,0.3776595744680851
376,AI,37.0,0.610079575596817
377,AI,45.0,0.6111111111111112
378,AI,24.0,0.6121372031662269
379,AI,43.0,0.6131578947368421
380,AI,27.0,0.6141732283464567
381,AI,56.0,0.6151832460732984
382,Bot,84.0,0.3733681462140992
383,Bot,60.0,0.375
384,Bot,34.0,0.37662337662337664
385,AI,34.0,0.6113989637305699
386,AI,33.0,0.6124031007751938
387,Bot,67.0,0.37628865979381443
388,Bot,45.0,0.37789203084832906
389,Bot,41.0,0.37948717948717947
390,Bot,38.0,0.38107416879795397
391,Bot,74.0,0.3826530612244898
392,Bot,50.0,0.3842239185750636
393,Bot,84.0,0.38578680203045684
394,AI,73.0,0.6025316455696202
395,AI,23.0,0.6035353535353535
396,AI,66.0,0.6045340050377834
397,Bot,39.0,0.3844221105527638
398,Bot,73.0,0.38596491228070173
399,Bot,55.0,0.3875
400,Bot,21.0,0.38902743142144636
401,AI,115.0,0.599502487562189
402,Bot,48.0,0.38957816377171217
403,AI,43.0,0.599009900990099
404,Bot,25.0,0.39012345679012345
405,AI,70.0,0.5985221674876847
406,AI,61.0,0.5995085995085995
407,AI,23.0,0.6004901960784313
408,AI,27.0,0.6014669926650367
409,AI,105.0,0.6024390243902439
410,AI,24.0,0.6034063260340633
411,Bot,90.0,0.3859223300970874
412,AI,132.0,0.6029055690072639
413,AI,54.0,0.6038647342995169
414,AI,13.0,0.6048192771084338
415,Bot,63.0,0.38461538461538464
416,AI,74.0,0.60431654676259
417,AI,53.0,0.6052631578947368
418,Bot,59.0,0.38424821002386633
419,AI,52.0,0.6047619047619047
420,AI,58.0,0.6057007125890737
421,AI,18.0,0.6066350710900474
422,AI,32.0,0.607565011820331
423,AI,27.0,0.6084905660377359
424,Bot,49.0,0.3811764705882353
425,Bot,19.0,0.3826291079812207
426,Bot,99.0,0.3840749414519906
427,AI,150.0,0.6051401869158879
428,AI,13.0,0.6060606060606061
429,AI,49.0,0.6069767441860465
430,AI,36.0,0.6078886310904872
431,AI,21.0,0.6087962962962963
432,Bot,63.0,0.3810623556581986
433,Bot,17.0,0.3824884792626728
434,AI,44.0,0.6068965517241379
435,AI,47.0,0.6077981651376146
436,Bot,111.0,0.38215102974828374
437,Bot,29.0,0.3835616438356164
438,AI,58.0,0.6059225512528473
439,AI,21.0,0.6068181818181818
440,AI,23.0,0.6077097505668935
441,Bot,26.0,0.38235294117647056
442,AI,57.0,0.6072234762979684
443,Bot,29.0,0.38288288288288286
444,Bot,29.0,0.3842696629213483
445,Bot,42.0,0.38565022421524664
446,AI,28.0,0.6040268456375839
447,AI,143.0,0.6049107142857143
448,AI,31.0,0.6057906458797327
449,AI,14.0,0.6066666666666667
450,AI,101.0,0.6075388026607539
451,AI,11.0,0.6084070796460177
452,AI,46.0,0.609271523178808
453,AI,34.0,0.6101321585903083
454,AI,19.0,0.610989010989011
455,AI,33.0,0.6118421052631579
456,Bot,16.0,0.3785557986870897
457,AI,46.0,0.611353711790393
458,AI,27.0,0.6122004357298475
459,AI,65.0,0.6130434782608696
460,Bot,64.0,0.3774403470715835
461,AI,72.0,0.6125541125541125
462,Bot,34.0,0.3779697624190065
463,Bot,49.0,0.3793103448275862
464,AI,18.0,0.610752688172043
465,AI,31.0,0.6115879828326181
466,AI,68.0,0.6124197002141327
467,AI,33.0,0.6132478632478633
468,AI,140.0,0.6140724946695096
469,AI,63.0,0.6148936170212767
470,AI,32.0,0.6157112526539278
471,AI,23.0,0.6165254237288136
472,Bot,78.0,0.37420718816067655
473,AI,83.0,0.6160337552742616
474,,,
475,AI,42.0,0.615546218487395
476,AI,78.0,0.6163522012578616
477,AI,38.0,0.6171548117154811
478,Bot,86.0,0.37160751565762007
479,Bot,157.0,0.3729166666666667
480,AI,62.0,0.6153846153846154
481,AI,53.0,0.6161825726141079
482,AI,44.0,0.6169772256728778
483,AI,39.0,0.6177685950413223
484,AI,17.0,0.6185567010309279
485,AI,90.0,0.6193415637860082
486,AI,20.0,0.6201232032854209
487,AI,40.0,0.6209016393442623
488,Bot,25.0,0.36809815950920244
489,AI,59.0,0.6204081632653061
490,AI,113.0,0.6211812627291242
491,Bot,45.0,0.3678861788617886
492,AI,74.0,0.6206896551724138
493,AI,98.0,0.6214574898785425
494,AI,104.0,0.6222222222222222
495,Bot,32.0,0.36693548387096775
496,AI,29.0,0.6217303822937625
497,AI,28.0,0.6224899598393574
498,Bot,117.0,0.3667334669338677
499,AI,135.0,0.622
500,Bot,85.0,0.36726546906187624
501,Bot,46.0,0.36852589641434264
502,Bot,99.0,0.3697813121272366
503,Bot,49.0,0.37103174603174605
504,AI,117.0,0.6178217821782178
505,AI,32.0,0.6185770750988142
506,AI,21.0,0.6193293885601578
507,Bot,116.0,0.3700787401574803
508,Bot,48.0,0.3713163064833006
509,Bot,47.0,0.37254901960784315
510,Bot,74.0,0.37377690802348335
511,Bot,98.0,0.375
512,Bot,61.0,0.3762183235867446
513,AI,60.0,0.6128404669260701
514,AI,76.0,0.6135922330097088
515,AI,37.0,0.6143410852713178
516,AI,77.0,0.6150870406189555
517,AI,36.0,0.6158301158301158
518,,,
519,AI,66.0,0.6153846153846154
520,AI,47.0,0.6161228406909789
521,Bot,95.0,0.3716475095785441
522,AI,68.0,0.615678776290631
523,Bot,57.0,0.37213740458015265
524,Bot,35.0,0.37333333333333335
525,AI,33.0,0.6140684410646388
526,Bot,63.0,0.3738140417457306
527,AI,54.0,0.6136363636363636
528,AI,55.0,0.6143667296786389
529,,,
530,Bot,84.0,0.3728813559322034
531,AI,39.0,0.6127819548872181
532,Bot,93.0,0.37335834896810505
533,AI,81.0,0.6123595505617978
534,AI,48.0,0.6130841121495327
535,Bot,24.0,0.373134328358209
536,AI,29.0,0.6126629422718808
537,AI,21.0,0.6133828996282528
538,AI,69.0,0.614100185528757
539,AI,47.0,0.6148148148148148
540,AI,145.0,0.6155268022181146
541,Bot,24.0,0.37084870848708484
542,AI,42.0,0.6151012891344383
543,AI,32.0,0.6158088235294118
544,Bot,53.0,0.3706422018348624
545,AI,84.0,0.6153846153846154
546,AI,58.0,0.6160877513711152
547,Bot,82.0,0.3704379562043796
548,Bot,59.0,0.37158469945355194
549,Bot,43.0,0.37272727272727274
550,AI,123.0,0.6134301270417423
551,AI,40.0,0.6141304347826086
552,Bot,64.0,0.37251356238698013
553,AI,84.0,0.6137184115523465
554,AI,23.0,0.6144144144144145
555,AI,16.0,0.6151079136690647
556,Bot,40.0,0.37163375224416517
557,AI,58.0,0.6146953405017921
558,Bot,89.0,0.37209302325581395
559,Bot,16.0,0.3732142857142857
560,AI,135.0,0.6131907308377896
561,AI,32.0,0.6138790035587188
562,AI,76.0,0.6145648312611013
563,AI,22.0,0.6152482269503546
564,AI,35.0,0.6159292035398231
565,Bot,76.0,0.3710247349823322
566,AI,79.0,0.6155202821869489
567,,,
568,AI,29.0,0.6151142355008787
569,Bot,138.0,0.3701754385964912
570,Bot,82.0,0.3712784588441331
571,AI,33.0,0.6136363636363636
572,Bot,105.0,0.3717277486910995
573,AI,126.0,0.6132404181184669
574,AI,72.0,0.6139130434782609
575,AI,35.0,0.6145833333333334
576,Bot,27.0,0.3708838821490468
577,Bot,53.0,0.3719723183391003
578,,,
579,Bot,65.0,0.3724137931034483
580,Bot,61.0,0.37349397590361444
581,Bot,32.0,0.3745704467353952
582,AI,51.0,0.6089193825042881
583,Bot,31.0,0.375
584,Bot,21.0,0.37606837606837606
585,Bot,134.0,0.3771331058020478
586,AI,131.0,0.606473594548552
587,Bot,76.0,0.37755102040816324
588,AI,86.0,0.6061120543293718
589,Bot,92.0,0.37796610169491524
590,AI,66.0,0.6057529610829103
591,AI,14.0,0.606418918918919
592,AI,51.0,0.6070826306913997
593,AI,32.0,0.6077441077441077
594,AI,27.0,0.6084033613445378
595,Bot,16.0,0.37583892617449666
596,Bot,13.0,0.3768844221105528
597,AI,45.0,0.6070234113712375
598,AI,55.0,0.6076794657762938
599,AI,38.0,0.6083333333333333
600,AI,25.0,0.6089850249584027
601,Bot,48.0,0.3754152823920266
602,AI,36.0,0.6086235489220564
603,Bot,48.0,0.3758278145695364
604,Bot,56.0,0.3768595041322314
605,AI,52.0,0.6072607260726073
606,Bot,40.0,0.3772652388797364
607,AI,101.0,0.6069078947368421
608,AI,32.0,0.6075533661740559
609,Bot,86.0,0.3770491803278688
610,AI,68.0,0.6072013093289689
611,AI,66.0,0.6078431372549019
612,AI,64.0,0.6084828711256117
613,AI,13.0,0.6091205211726385
614,Bot,54.0,0.375609756097561
615,Bot,141.0,0.37662337662337664
616,Bot,13.0,0.37763371150729336
617,AI,93.0,0.6067961165048543
618,AI,37.0,0.6074313408723748
619,Bot,44.0,0.3774193548387097
620,Bot,81.0,0.3784219001610306
621,AI,24.0,0.6061093247588425
622,Bot,70.0,0.37881219903691815
623,AI,51.0,0.6057692307692307
624,AI,49.0,0.6064
625,Bot,56.0,0.37859424920127793
626,AI,106.0,0.6060606060606061
627,AI,38.0,0.606687898089172
628,Bot,99.0,0.3783783783783784
629,Bot,16.0,0.37936507936507935
630,AI,110.0,0.6053882725832013
631,AI,74.0,0.6060126582278481
632,AI,85.0,0.6066350710900474
633,AI,143.0,0.6072555205047319
634,AI,16.0,0.6078740157480315
635,AI,49.0,0.6084905660377359
636,Bot,75.0,0.37676609105180536
637,Bot,12.0,0.3777429467084639
638,Bot,33.0,0.37871674491392804
639,Bot,50.0,0.3796875
640,AI,27.0,0.6053042121684867
641,Bot,69.0,0.38006230529595014
642,Bot,15.0,0.3810264385692068
643,AI,58.0,0.6040372670807453
644,AI,57.0,0.6046511627906976
645,AI,10.0,0.6052631578947368
646,Bot,49.0,0.3802163833075734
647,Bot,29.0,0.38117283950617287
648,AI,51.0,0.6040061633281972
649,Bot,38.0,0.38153846153846155
650,Bot,35.0,0.3824884792626728
651,Bot,14.0,0.3834355828220859
652,AI,30.0,0.6018376722817764
653,Bot,79.0,0.3837920489296636
654,Bot,23.0,0.3847328244274809
655,Bot,75.0,0.3856707317073171
656,AI,50.0,0.5996955859969558
657,Bot,109.0,0.3860182370820669
658,Bot,91.0,0.38694992412746587
659,AI,59.0,0.5984848484848485
660,AI,61.0,0.5990922844175491
661,AI,103.0,0.5996978851963746
662,AI,28.0,0.6003016591251885
663,AI,42.0,0.6009036144578314
664,AI,64.0,0.6015037593984962
665,AI,17.0,0.6021021021021021
666,AI,103.0,0.6026986506746627
667,AI,50.0,0.6032934131736527
668,Bot,88.0,0.38266068759342303
669,Bot,46.0,0.3835820895522388
670,AI,91.0,0.6020864381520119
671,AI,21.0,0.6026785714285714
672,AI,36.0,0.6032689450222882
673,Bot,15.0,0.3827893175074184
674,AI,38.0,0.6029629629629629
675,Bot,52.0,0.3831360946745562
676,AI,25.0,0.6026587887740029
677,Bot,54.0,0.3834808259587021
678,AI,18.0,0.6023564064801178
679,AI,20.0,0.6029411764705882
680,AI,60.0,0.6035242290748899
681,AI,22.0,0.6041055718475073
682,AI,133.0,0.6046852122986823
683,AI,79.0,0.6052631578947368
684,AI,120.0,0.6058394160583942
685,AI,39.0,0.6064139941690962
686,AI,15.0,0.6069868995633187
687,AI,40.0,0.6075581395348837
688,AI,21.0,0.6081277213352685
689,Bot,59.0,0.3782608695652174
690,Bot,22.0,0.3791606367583213
691,Bot,69.0,0.3800578034682081
692,Bot,37.0,0.38095238095238093
693,Bot,54.0,0.3818443804034582
694,Bot,71.0,0.38273381294964026
695,AI,45.0,0.603448275862069
696,Bot,32.0,0.3830703012912482
697,Bot,36.0,0.3839541547277937
698,Bot,116.0,0.38483547925608014
699,Bot,74.0,0.38571428571428573
700,Bot,39.0,0.38659058487874465
701,AI,43.0,0.5997150997150997
702,AI,21.0,0.6002844950213371
703,Bot,31.0,0.38636363636363635
704,Bot,128.0,0.3872340425531915
705,AI,86.0,0.5991501416430595
706,AI,14.0,0.5997171145685997
707,AI,13.0,0.6002824858757062
708,AI,73.0,0.6008462623413258
709,AI,47.0,0.6014084507042253
710,AI,30.0,0.6019690576652602
711,Bot,66.0,0.3848314606741573
712,AI,45.0,0.6016830294530154
713,AI,13.0,0.6022408963585434
714,AI,78.0,0.6027972027972028
715,Bot,22.0,0.3840782122905028
716,AI,20.0,0.602510460251046
717,AI,115.0,0.6030640668523677
718,AI,71.0,0.6036161335187761
719,Bot,144.0,0.38333333333333336
720,Bot,12.0,0.3841886269070735
721,Bot,32.0,0.3850415512465374
722,Bot,30.0,0.38589211618257263
723,AI,74.0,0.600828729281768
724,AI,38.0,0.6013793103448276
725,AI,73.0,0.6019283746556474
726,Bot,44.0,0.38514442916093533
727,Bot,171.0,0.385989010989011
728,Bot,121.0,0.3868312757201646
729,Bot,57.0,0.38767123287671235
730,AI,91.0,0.5991792065663475
731,AI,53.0,0.5997267759562842
732,AI,15.0,0.6002728512960437
733,AI,11.0,0.6008174386920981
734,AI,62.0,0.601360544217687
735,AI,22.0,0.6019021739130435
736,Bot,32.0,0.3853459972862958
737,AI,68.0,0.6016260162601627
738,AI,15.0,0.6021650879566982
739,AI,59.0,0.6027027027027027
740,Bot,56.0,0.38461538461538464
741,AI,21.0,0.6024258760107817
742,Bot,91.0,0.38492597577388965
743,AI,61.0,0.6021505376344086
744,AI,42.0,0.6026845637583893
745,Bot,166.0,0.3847184986595174
746,AI,29.0,0.6024096385542169
747,Bot,34.0,0.3850267379679144
748,AI,50.0,0.6021361815754339
749,AI,87.0,0.6026666666666667
750,AI,59.0,0.6031957390146472
751,Bot,94.0,0.38430851063829785
752,AI,44.0,0.602921646746348
753,Bot,75.0,0.38461538461538464
754,Bot,13.0,0.38543046357615895
755,AI,38.0,0.6018518518518519
756,AI,20.0,0.6023778071334214
757,,,
758,AI,43.0,0.6021080368906456
759,Bot,31.0,0.38421052631578945
760,AI,82.0,0.6018396846254928
761,AI,102.0,0.6023622047244095
762,Bot,35.0,0.3840104849279161
763,Bot,18.0,0.38481675392670156
764,AI,60.0,0.6013071895424836
765,AI,24.0,0.6018276762402088
766,AI,25.0,0.6023468057366362
767,AI,43.0,0.6028645833333334
768,Bot,73.0,0.3836150845253576
769,Bot,126.0,0.38441558441558443
770,AI,48.0,0.6018158236057068
771,AI,21.0,0.6023316062176166
772,AI,17.0,0.6028460543337646
773,Bot,133.0,0.38372093023255816
774,,,
775,Bot,61.0,0.38402061855670105
776,AI,65.0,0.601029601029601
777,AI,14.0,0.6015424164524421
778,AI,56.0,0.6020539152759948
779,,,
780,AI,89.0,0.6017925736235595
781,Bot,19.0,0.38235294117647056
782,AI,21.0,0.6015325670498084
783,Bot,140.0,0.3826530612244898
784,Bot,47.0,0.3834394904458599
785,AI,48.0,0.6005089058524173
786,AI,69.0,0.6010165184243964
787,AI,10.0,0.6015228426395939
788,AI,17.0,0.6020278833967047
789,Bot,77.0,0.3822784810126582
790,Bot,59.0,0.38305941845764857
791,AI,90.0,0.601010101010101
792,AI,19.0,0.6015132408575031
793,Bot,81.0,0.38287153652392947
794,Bot,87.0,0.3836477987421384
795,AI,18.0,0.6005025125628141
796,AI,27.0,0.6010037641154329
797,AI,52.0,0.6015037593984962
798,AI,37.0,0.6020025031289111
799,AI,29.0,0.6025
800,Bot,20.0,0.38202247191011235
801,AI,21.0,0.6022443890274314
802,AI,29.0,0.6027397260273972
803,AI,39.0,0.6032338308457711
804,AI,126.0,0.6037267080745342
805,Bot,32.0,0.38089330024813894
806,AI,19.0,0.6034696406443618
807,AI,45.0,0.6039603960396039
808,AI,48.0,0.6044499381953028
809,AI,52.0,0.6049382716049383
810,AI,12.0,0.6054254007398274
811,Bot,48.0,0.3793103448275862
812,AI,27.0,0.6051660516605166
813,Bot,37.0,0.3796068796068796
814,AI,95.0,0.6049079754601226
815,Bot,47.0,0.3799019607843137
816,Bot,22.0,0.3806609547123623
817,Bot,47.0,0.38141809290953543
818,Bot,41.0,0.38217338217338215
819,AI,119.0,0.6024390243902439
820,Bot,52.0,0.38246041412911086
821,AI,63.0,0.6021897810218978
822,Bot,53.0,0.3827460510328068
823,AI,133.0,0.6019417475728155
824,AI,74.0,0.6024242424242424
825,Bot,113.0,0.38256658595641646
826,Bot,149.0,0.38331318016928656
827,AI,30.0,0.6014492753623188
828,Bot,113.0,0.3835946924004825
829,AI,25.0,0.6012048192771084
830,Bot,34.0,0.3838748495788207
831,Bot,52.0,0.38461538461538464
832,Bot,31.0,0.38535414165666265
833,Bot,29.0,0.38609112709832133
834,AI,45.0,0.5988023952095808
835,AI,115.0,0.5992822966507177
836,AI,141.0,0.5997610513739546
837,AI,83.0,0.6002386634844868
838,AI,17.0,0.600715137067938
839,AI,17.0,0.6011904761904762
840,AI,52.0,0.6016646848989299
841,Bot,54.0,0.3836104513064133
842,AI,121.0,0.6014234875444839
843,Bot,94.0,0.38388625592417064
844,Bot,12.0,0.38461538461538464
845,Bot,77.0,0.38534278959810875
846,Bot,19.0,0.3860684769775679
847,AI,54.0,0.5990566037735849
848,Bot,147.0,0.38633686690223795
849,Bot,30.0,0.3870588235294118
850,Bot,80.0,0.38777908343125733
851,Bot,21.0,0.3884976525821596
852,AI,50.0,0.5967174677608441
853,Bot,115.0,0.38875878220140514
854,Bot,30.0,0.3894736842105263
855,,,
856,Bot,61.0,0.3897316219369895
857,Bot,37.0,0.39044289044289043
858,Bot,75.0,0.3911525029103609
859,AI,46.0,0.5930232558139535
860,AI,34.0,0.5934959349593496
861,,,
862,AI,44.0,0.593279258400927
863,AI,66.0,0.59375
864,AI,37.0,0.5942196531791908
865,Bot,33.0,0.3891454965357968
866,AI,40.0,0.5940023068050749
867,AI,33.0,0.5944700460829493
868,AI,13.0,0.5949367088607594
869,AI,14.0,0.5954022988505747
870,AI,28.0,0.5958668197474167
871,Bot,48.0,0.3876146788990826
872,Bot,96.0,0.38831615120274915
873,AI,95.0,0.5949656750572082
874,AI,57.0,0.5954285714285714
875,AI,38.0,0.5958904109589042
876,Bot,28.0,0.38768529076396807
877,AI,54.0,0.5956719817767654
878,Bot,48.0,0.38794084186575656
879,AI,39.0,0.5954545454545455
880,Bot,34.0,0.38819523269012485
881,Bot,51.0,0.3888888888888889
882,AI,60.0,0.594563986409966
883,AI,40.0,0.5950226244343891
884,AI,26.0,0.5954802259887005
885,AI,119.0,0.5959367945823928
886,Bot,57.0,0.3878241262683202
887,AI,19.0,0.5957207207207207
888,AI,73.0,0.5961754780652418
889,AI,60.0,0.596629213483146
890,AI,10.0,0.5970819304152637
891,AI,27.0,0.5975336322869955
892,AI,48.0,0.5979843225083986
893,AI,35.0,0.598434004474273
894,Bot,52.0,0.3854748603351955
895,Bot,35.0,0.3861607142857143
896,AI,86.0,0.5975473801560758
897,AI,69.0,0.5979955456570156
898,Bot,83.0,0.38598442714126807
899,AI,24.0,0.5977777777777777
900,AI,17.0,0.5982241953385128
901,AI,70.0,0.5986696230598669
902,Bot,70.0,0.3853820598006645
903,,,
904,AI,104.0,0.5977900552486188
905,AI,49.0,0.5982339955849889
906,AI,35.0,0.5986769570011026
907,AI,116.0,0.5991189427312775
908,AI,66.0,0.5995599559955995
909,AI,18.0,0.6
910,Bot,38.0,0.38309549945115257
911,Bot,98.0,0.38377192982456143
912,Bot,44.0,0.384446878422782
913,Bot,38.0,0.3851203501094092
914,AI,47.0,0.5978142076502733
915,AI,13.0,0.5982532751091703
916,Bot,91.0,0.38495092693565974
917,AI,28.0,0.5980392156862745
918,Bot,144.0,0.3852013057671382
919,Bot,59.0,0.3858695652173913
920,,,
921,AI,18.0,0.596529284164859
922,AI,26.0,0.5969664138678223
923,Bot,71.0,0.3852813852813853
924,Bot,71.0,0.38594594594594595
925,Bot,37.0,0.38660907127429806
926,AI,14.0,0.5954692556634305
927,AI,72.0,0.5959051724137931
928,AI,31.0,0.596340150699677
929,AI,89.0,0.5967741935483871
930,Bot,73.0,0.38560687432867885
931,Bot,106.0,0.38626609442060084
932,AI,28.0,0.5959271168274384
933,Bot,144.0,0.38650963597430404
934,AI,30.0,0.5957219251336898
935,AI,30.0,0.5961538461538461
936,AI,31.0,0.5965848452508005
937,AI,14.0,0.5970149253731343
938,,,
939,AI,35.0,0.5968085106382979
940,,,
941,Bot,62.0,0.3842887473460722
942,Bot,29.0,0.38494167550371156
943,Bot,86.0,0.3855932203389831
944,AI,57.0,0.5947089947089947
945,AI,51.0,0.595137420718816
946,AI,51.0,0.5955649419218585
947,AI,17.0,0.5959915611814346
948,AI,76.0,0.5964172813487882
949,AI,104.0,0.5968421052631578
950,AI,25.0,0.5972660357518401
951,AI,15.0,0.5976890756302521
952,AI,76.0,0.5981112277019937
953,Bot,31.0,0.38259958071278827
954,Bot,25.0,0.3832460732984293
955,Bot,15.0,0.38389121338912136
956,AI,57.0,0.5966562173458725
957,Bot,129.0,0.38413361169102295
958,AI,86.0,0.5964546402502607
959,Bot,88.0,0.384375
960,Bot,109.0,0.3850156087408949
961,Bot,14.0,0.38565488565488565
962,AI,44.0,0.5950155763239875
963,AI,102.0,0.5954356846473029
964,Bot,60.0,0.3854922279792746
965,AI,49.0,0.5952380952380952
966,Bot,33.0,0.3857290589451913
967,AI,36.0,0.5950413223140496
968,AI,123.0,0.5954592363261094
969,AI,29.0,0.5958762886597938
970,Bot,39.0,0.38516992790937177
971,Bot,36.0,0.38580246913580246
972,AI,32.0,0.5950668036998972
973,AI,28.0,0.5954825462012321
974,AI,28.0,0.5958974358974359
975,,,
976,AI,118.0,0.5957011258955988
977,AI,24.0,0.5961145194274029
978,Bot,25.0,0.3840653728294178
979,Bot,100.0,0.3846938775510204
980,AI,94.0,0.5953109072375128
981,Bot,25.0,0.384928716904277
982,AI,24.0,0.595116988809766
983,Bot,89.0,0.3851626016260163
984,AI,65.0,0.5949238578680203
985,AI,60.0,0.5953346855983773
986,AI,44.0,0.5957446808510638
987,AI,71.0,0.5961538461538461
988,Bot,47.0,0.38422649140546006
989,AI,34.0,0.5959595959595959
990,Bot,156.0,0.384460141271443
991,Bot,59.0,0.3850806451612903
992,Bot,30.0,0.3856998992950655
993,AI,83.0,0.5945674044265593
994,,,
995,Bot,94.0,0.3855421686746988
996,Bot,39.0,0.38615847542627885
997,AI,94.0,0.593186372745491
998,AI,112.0,0.5935935935935935
999,AI,38.0,0.594
1000,AI,48.0,0.5944055944055944
1001,Bot,116.0,0.3852295409181637
1002,Bot,47.0,0.38584247258225324
1003,Bot,35.0,0.38645418326693226
1004,AI,51.0,0.5930348258706468
1005,AI,16.0,0.5934393638170974
1006,AI,69.0,0.5938430983118173
1007,Bot,121.0,0.38591269841269843
1008,Bot,28.0,0.3865213082259663
1009,Bot,94.0,0.38712871287128714
1010,AI,61.0,0.592482690405539
1011,AI,66.0,0.5928853754940712
1012,AI,158.0,0.5932872655478776
1013,AI,131.0,0.5936883629191322
1014,AI,45.0,0.594088669950739
1015,AI,25.0,0.594488188976378
1016,AI,57.0,0.5948869223205506
1017,AI,46.0,0.5952848722986247
1018,Bot,31.0,0.38469087340529934
1019,AI,51.0,0.5950980392156863
1020,AI,128.0,0.5954946131243879
1021,AI,104.0,0.5958904109589042
1022,AI,100.0,0.5962854349951124
1023,Bot,96.0,0.3837890625
1024,Bot,27.0,0.38439024390243903
1025,AI,118.0,0.5955165692007798
1026,AI,40.0,0.5959104186952289
1027,AI,17.0,0.5963035019455253
1028,AI,34.0,0.5966958211856171
1029,Bot,38.0,0.38349514563106796
1030,Bot,15.0,0.38409311348205627
1031,Bot,81.0,0.3846899224806202
1032,Bot,55.0,0.38528557599225555
1033,AI,87.0,0.5947775628626693
1034,AI,27.0,0.5951690821256038
1035,AI,38.0,0.5955598455598455
1036,Bot,38.0,0.38476374156219867
1037,Bot,79.0,0.3853564547206166
1038,AI,146.0,0.5948026948989413
1039,AI,14.0,0.5951923076923077
1040,AI,92.0,0.595581171950048
1041,Bot,57.0,0.3848368522072937
1042,AI,30.0,0.5953978906999041
1043,AI,56.0,0.5957854406130269
1044,Bot,45.0,0.384688995215311
1045,AI,32.0,0.595602294455067
1046,Bot,43.0,0.384909264565425
1047,AI,24.0,0.5954198473282443
1048,Bot,98.0,0.3851286939942803
1049,Bot,52.0,0.38571428571428573
1050,AI,43.0,0.5946717411988582
1051,AI,60.0,0.5950570342205324
1052,Bot,39.0,0.3855650522317189
1053,Bot,29.0,0.38614800759013285
1054,AI,62.0,0.5943127962085308
1055,AI,18.0,0.5946969696969697
1056,Bot,67.0,0.3859981078524125
1057,AI,101.0,0.5945179584120983
1058,Bot,35.0,0.3862134088762984
1059,AI,107.0,0.5943396226415094
1060,Bot,66.0,0.38642789820923656
1061,Bot,18.0,0.3870056497175141
1062,Bot,49.0,0.38758231420507994
1063,Bot,53.0,0.3881578947368421
1064,Bot,65.0,0.38873239436619716
1065,AI,107.0,0.5919324577861164
1066,AI,151.0,0.5923149015932521
1067,AI,26.0,0.5926966292134831
1068,AI,18.0,0.5930776426566885
1069,AI,29.0,0.5934579439252337
1070,AI,34.0,0.5938375350140056
1071,AI,28.0,0.5942164179104478
1072,AI,74.0,0.5945945945945946
1073,AI,71.0,0.5949720670391061
1074,AI,46.0,0.5953488372093023
1075,Bot,132.0,0.3856877323420074
1076,AI,41.0,0.5951717734447539
1077,AI,78.0,0.5955473098330241
1078,AI,21.0,0.5959221501390176
1079,AI,16.0,0.5962962962962963
1080,,,
1081,Bot,33.0,0.3844731977818854
1082,Bot,109.0,0.3850415512465374
1083,Bot,95.0,0.3856088560885609
1084,Bot,96.0,0.3861751152073733
1085,Bot,25.0,0.3867403314917127
1086,AI,69.0,0.593376264949402
1087,AI,47.0,0.59375
1088,Bot,18.0,0.38659320477502296
1089,AI,41.0,0.5935779816513761
1090,AI,74.0,0.5939505041246563
1091,AI,38.0,0.5943223443223443
1092,Bot,23.0,0.38609332113449224
1093,AI,14.0,0.5941499085923218
1094,Bot,114.0,0.3863013698630137
1095,AI,51.0,0.593978102189781
1096,AI,55.0,0.5943482224247949
1097,Bot,34.0,0.3861566484517304
1098,AI,61.0,0.5941765241128298
1099,AI,50.0,0.5945454545454546
1100,Bot,39.0,0.3860127157129882
1101,Bot,30.0,0.38656987295825773
1102,AI,89.0,0.5938349954669084
1103,AI,124.0,0.5942028985507246
1104,Bot,72.0,0.38642533936651585
1105,AI,102.0,0.5940325497287523
1106,Bot,78.0,0.3866305329719964
1107,Bot,41.0,0.3871841155234657
1108,AI,65.0,0.5933273219116321
1109,AI,14.0,0.5936936936936937
1110,AI,63.0,0.594059405940594
1111,AI,18.0,0.5944244604316546
1112,Bot,29.0,0.3863432165318958
1113,Bot,53.0,0.3868940754039497
1114,AI,123.0,0.5937219730941704
1115,AI,30.0,0.5940860215053764
1116,AI,34.0,0.594449418084154
1117,Bot,60.0,0.38640429338103754
1118,AI,28.0,0.5942806076854334
1119,AI,15.0,0.5946428571428571
1120,AI,13.0,0.5950044603033007
1121,Bot,62.0,0.3859180035650624
1122,Bot,103.0,0.38646482635796975
1123,AI,34.0,0.594306049822064
1124,AI,55.0,0.5946666666666667
1125,AI,95.0,0.5950266429840142
1126,Bot,109.0,0.385980479148181
1127,AI,18.0,0.5948581560283688
1128,Bot,23.0,0.3861824623560673
1129,,,
1130,Bot,69.0,0.3863837312113174
1131,AI,44.0,0.5936395759717314
1132,Bot,59.0,0.38658428949691087
1133,AI,88.0,0.5934744268077602
1134,AI,12.0,0.5938325991189427
1135,AI,32.0,0.5941901408450704
1136,AI,27.0,0.594547053649956
1137,AI,45.0,0.5949033391915641
1138,AI,32.0,0.5952589991220368
1139,AI,24.0,0.5956140350877193
1140,AI,97.0,0.595968448729185
1141,Bot,25.0,0.38441330998248685
1142,Bot,34.0,0.38495188101487315
1143,Bot,39.0,0.38548951048951047
1144,AI,61.0,0.5947598253275109
1145,AI,70.0,0.5951134380453752
1146,Bot,61.0,0.3853530950305144
1147,AI,13.0,0.5949477351916377
1148,AI,36.0,0.5953002610966057
1149,AI,51.0,0.5956521739130435
1150,AI,90.0,0.5960034752389227
1151,AI,14.0,0.5963541666666666
1152,AI,59.0,0.5967042497831744
1153,AI,58.0,0.597053726169844
1154,Bot,44.0,0.38354978354978353
1155,AI,51.0,0.596885813148789
1156,Bot,41.0,0.3837510803802939
1157,AI,37.0,0.5967184801381693
1158,AI,44.0,0.5970664365832614
1159,Bot,80.0,0.38362068965517243
1160,AI,42.0,0.5968992248062015
1161,AI,20.0,0.5972461273666093
1162,AI,45.0,0.5975924333619949
1163,Bot,45.0,0.38316151202749144
1164,AI,58.0,0.5974248927038627
1165,AI,132.0,0.597770154373928
1166,Bot,29.0,0.38303341902313626
1167,Bot,37.0,0.3835616438356164
1168,,,
1169,AI,39.0,0.5965811965811966
1170,AI,52.0,0.5969257045260461
1171,AI,90.0,0.5972696245733788
1172,Bot,44.0,0.38277919863597615
1173,AI,131.0,0.5971039182282794
1174,Bot,36.0,0.3829787234042553
1175,AI,62.0,0.5969387755102041
1176,AI,33.0,0.5972812234494478
1177,AI,60.0,0.597623089983022
1178,AI,30.0,0.5979643765903307
1179,AI,46.0,0.5983050847457627
1180,Bot,42.0,0.38187976291278575
1181,Bot,125.0,0.3824027072758037
1182,Bot,31.0,0.38292476754015214
1183,AI,33.0,0.5971283783783784
1184,Bot,107.0,0.3831223628691983
1185,Bot,91.0,0.3836424957841484
1186,Bot,42.0,0.38416175231676497
1187,AI,46.0,0.5959595959595959
1188,AI,17.0,0.5962994112699748
1189,AI,43.0,0.5966386554621849
1190,AI,37.0,0.5969773299748111
1191,AI,35.0,0.5973154362416108
1192,Bot,77.0,0.3830678960603521
1193,Bot,44.0,0.38358458961474035
1194,Bot,61.0,0.38410041841004183
1195,AI,69.0,0.5961538461538461
1196,AI,71.0,0.5964912280701754
1197,,,
1198,Bot,59.0,0.38365304420350294
1199,AI,59.0,0.5958333333333333
1200,Bot,20.0,0.38384679433805163
1201,Bot,27.0,0.3843594009983361
1202,Bot,46.0,0.3848711554447215
1203,AI,53.0,0.5946843853820598
1204,Bot,23.0,0.38506224066390043
1205,AI,37.0,0.5945273631840796
1206,AI,37.0,0.5948632974316487
1207,AI,47.0,0.5951986754966887
1208,Bot,55.0,0.38461538461538464
1209,Bot,67.0,0.3851239669421488
1210,AI,59.0,0.5945499587118084
1211,AI,85.0,0.5948844884488449
1212,Bot,31.0,0.38499587798845836
1213,AI,85.0,0.5947281713344317
1214,Bot,48.0,0.3851851851851852
1215,AI,75.0,0.5945723684210527
1216,AI,100.0,0.5949055053410025
1217,Bot,30.0,0.3850574712643678
1218,Bot,22.0,0.3855619360131255
1219,AI,29.0,0.5942622950819673
1220,AI,32.0,0.5945945945945946
1221,AI,40.0,0.5949263502454992
1222,Bot,73.0,0.3851185609157809
1223,Bot,34.0,0.38562091503267976
1224,Bot,98.0,0.38612244897959186
1225,AI,102.0,0.5938009787928222
1226,AI,150.0,0.5941320293398533
1227,Bot,39.0,0.38599348534201955
1228,AI,17.0,0.5939788445890968
1229,AI,48.0,0.5943089430894309
1230,,,
1231,AI,85.0,0.5941558441558441
1232,AI,48.0,0.5944849959448499
1233,AI,37.0,0.5948136142625607
1234,AI,40.0,0.5951417004048583
1235,AI,58.0,0.5954692556634305
1236,Bot,39.0,0.3839935327405012
1237,AI,115.0,0.5953150242326333
1238,AI,32.0,0.5956416464891041
1239,AI,70.0,0.5959677419354839
1240,AI,100.0,0.5962933118452861
1241,AI,62.0,0.5966183574879227
1242,AI,23.0,0.5969428801287209
1243,AI,78.0,0.5972668810289389
1244,Bot,75.0,0.3823293172690763
1245,AI,51.0,0.5971107544141252
1246,AI,77.0,0.5974338412189254
1247,AI,105.0,0.5977564102564102
1248,Bot,88.0,0.3819055244195356
1249,AI,58.0,0.5976
1250,,,
1251,AI,46.0,0.597444089456869
1252,Bot,78.0,0.38148443735035914
1253,AI,44.0,0.5972886762360446
1254,AI,103.0,0.5976095617529881
1255,Bot,42.0,0.38136942675159236
1256,Bot,9.0,0.3818615751789976
1257,Bot,159.0,0.38235294117647056
1258,Bot,23.0,0.38284352660841936
1259,Bot,63.0,0.38333333333333336
1260,AI,79.0,0.5955590800951626
1261,Bot,24.0,0.38351822503961963
1262,AI,57.0,0.5954077593032462
1263,AI,29.0,0.5957278481012658
1264,AI,42.0,0.5960474308300395
1265,AI,45.0,0.5963665086887836
1266,AI,33.0,0.5966850828729282
1267,AI,15.0,0.5970031545741324
1268,AI,49.0,0.5973207249802994
1269,AI,25.0,0.5976377952755906
1270,AI,69.0,0.5979543666404405
1271,AI,42.0,0.5982704402515723
1272,AI,23.0,0.598586017282011
1273,AI,62.0,0.5989010989010989
1274,AI,78.0,0.5992156862745098
1275,AI,14.0,0.5995297805642633
1276,AI,55.0,0.5998433829287392
1277,AI,27.0,0.6001564945226917
1278,AI,38.0,0.6004691164972635
1279,AI,29.0,0.60078125
1280,Bot,31.0,0.37861046057767367
1281,AI,41.0,0.6006240249609984
1282,AI,22.0,0.6009353078721746
1283,Bot,107.0,0.37850467289719625
1284,Bot,35.0,0.378988326848249
1285,Bot,41.0,0.37947122861586313
1286,Bot,26.0,0.37995337995337997
1287,AI,35.0,0.5993788819875776
1288,AI,42.0,0.5996896819239721
1289,AI,49.0,0.6
1290,Bot,52.0,0.37955073586367155
1291,Bot,28.0,0.380030959752322
1292,AI,85.0,0.5993812838360402
1293,AI,30.0,0.5996908809891809
1294,Bot,20.0,0.3799227799227799
1295,AI,64.0,0.5995370370370371
1296,Bot,40.0,0.3801079414032382
1297,AI,155.0,0.5993836671802774
1298,AI,69.0,0.5996920708237106
1299,AI,30.0,0.6
1300,Bot,44.0,0.3797079169869331
1301,AI,38.0,0.5998463901689708
1302,AI,23.0,0.6001534919416731
1303,AI,53.0,0.6004601226993865
1304,Bot,138.0,0.3793103448275862
1305,Bot,44.0,0.37978560490045943
1306,AI,44.0,0.5998469778117828
1307,Bot,127.0,0.37996941896024466
1308,AI,29.0,0.599694423223835
1309,Bot,17.0,0.3801526717557252
1310,AI,104.0,0.5995423340961098
1311,Bot,32.0,0.3803353658536585
1312,AI,41.0,0.5993907083015994
1313,AI,162.0,0.5996955859969558
1314,Bot,93.0,0.38022813688212925
1315,AI,31.0,0.5995440729483282
1316,Bot,50.0,0.3804100227790433
1317,Bot,25.0,0.38088012139605465
1318,AI,58.0,0.5989385898407885
1319,AI,22.0,0.5992424242424242
1320,AI,31.0,0.5995457986373959
1321,AI,13.0,0.5998487140695915
1322,AI,139.0,0.600151171579743
1323,Bot,84.0,0.37990936555891236
1324,Bot,70.0,0.38037735849056603
1325,AI,46.0,0.5995475113122172
1326,AI,19.0,0.5998492840994725
1327,Bot,62.0,0.3802710843373494
1328,AI,38.0,0.5996990218209179
1329,Bot,90.0,0.3804511278195489
1330,AI,25.0,0.599549211119459
1331,AI,31.0,0.5998498498498499
1332,Bot,57.0,0.3803450862715679
1333,AI,59.0,0.5997001499250375
1334,AI,18.0,0.6
1335,Bot,58.0,0.38023952095808383
1336,AI,44.0,0.599850411368736
1337,AI,97.0,0.6001494768310912
1338,Bot,91.0,0.380134428678118
1339,Bot,152.0,0.3805970149253731
1340,Bot,93.0,0.38105891126025354
1341,Bot,54.0,0.38152011922503726
1342,Bot,58.0,0.3819806403574088
1343,AI,60.0,0.5982142857142857
1344,Bot,78.0,0.38215613382899627
1345,AI,19.0,0.5980683506686478
1346,AI,48.0,0.5983667409057164
1347,Bot,26.0,0.38204747774480713
1348,AI,160.0,0.5982209043736101
1349,AI,37.0,0.5985185185185186
1350,AI,114.0,0.5988156920799408
1351,AI,86.0,0.599112426035503
1352,AI,17.0,0.5994087213599408
1353,AI,76.0,0.5997045790251108
1354,Bot,77.0,0.3808118081180812
1355,Bot,48.0,0.3812684365781711
1356,AI,49.0,0.5991156963890936
1357,Bot,32.0,0.38144329896907214
1358,AI,112.0,0.5989698307579102
1359,AI,97.0,0.5992647058823529
1360,Bot,132.0,0.3813372520205731
1361,Bot,37.0,0.38179148311306904
1362,,,
1363,AI,129.0,0.5982404692082112
1364,Bot,69.0,0.38168498168498166
1365,Bot,34.0,0.3821376281112738
1366,AI,19.0,0.5976591075347476
1367,AI,14.0,0.597953216374269
1368,,,
1369,AI,25.0,0.5978102189781022
1370,AI,11.0,0.5981035740335522
1371,AI,105.0,0.5983965014577259
1372,AI,96.0,0.5986890021849963
1373,AI,28.0,0.598981077147016
1374,AI,23.0,0.5992727272727273
1375,AI,30.0,0.5995639534883721
1376,AI,101.0,0.5998547567175018
1377,AI,28.0,0.6001451378809869
1378,AI,70.0,0.6004350978970269
1379,AI,18.0,0.6007246376811595
1380,AI,69.0,0.6010137581462708
1381,AI,88.0,0.6013024602026049
1382,Bot,33.0,0.3781634128705712
1383,AI,125.0,0.6011560693641619
1384,AI,24.0,0.6014440433212996
1385,AI,97.0,0.6017316017316018
1386,Bot,118.0,0.37779379956741166
1387,Bot,18.0,0.37824207492795386
1388,AI,40.0,0.6011519078473722
1389,AI,16.0,0.6014388489208633
1390,AI,26.0,0.601725377426312
1391,AI,58.0,0.6020114942528736
1392,AI,55.0,0.6022972002871501
1393,AI,25.0,0.6025824964131994
1394,AI,55.0,0.6028673835125448
1395,Bot,38.0,0.37679083094555876
1396,AI,34.0,0.6027201145311382
1397,AI,64.0,0.6030042918454935
1398,AI,63.0,0.6032880629020729
1399,Bot,25.0,0.37642857142857145
1400,Bot,28.0,0.37687366167023556
1401,Bot,34.0,0.3773181169757489
1402,AI,52.0,0.6022808267997148
1403,AI,15.0,0.6025641025641025
1404,AI,116.0,0.602846975088968
1405,AI,33.0,0.6031294452347084
1406,Bot,51.0,0.3766879886282871
1407,AI,21.0,0.6029829545454546
1408,AI,41.0,0.603264726756565
1409,AI,11.0,0.6035460992907802
1410,Bot,81.0,0.37632884479092843
1411,AI,39.0,0.603399433427762
1412,AI,62.0,0.6036801132342534
1413,AI,24.0,0.6039603960396039
1414,AI,26.0,0.6042402826855123
1415,Bot,54.0,0.3757062146892655
1416,AI,29.0,0.6040931545518702
1417,AI,35.0,0.6043723554301833
1418,Bot,97.0,0.37561663143058494
1419,AI,43.0,0.604225352112676
1420,AI,19.0,0.6045038705137228
1421,AI,15.0,0.6047819971870605
1422,Bot,64.0,0.3752635277582572
1423,AI,50.0,0.6046348314606742
1424,AI,12.0,0.6049122807017544
1425,AI,28.0,0.6051893408134642
1426,AI,66.0,0.6054660126138752
1427,Bot,62.0,0.3746498599439776
1428,AI,39.0,0.6053184044786564
1429,Bot,53.0,0.3748251748251748
1430,Bot,89.0,0.3752620545073375
1431,Bot,39.0,0.3756983240223464
1432,Bot,44.0,0.37613398464759246
1433,Bot,55.0,0.37656903765690375
1434,Bot,28.0,0.37700348432055747
1435,Bot,43.0,0.3774373259052925
1436,AI,37.0,0.6026443980514962
1437,AI,37.0,0.6029207232267038
1438,AI,77.0,0.6031966643502432
1439,AI,27.0,0.6034722222222222
1440,AI,54.0,0.6037473976405274
1441,Bot,52.0,0.3765603328710125
1442,Bot,59.0,0.376992376992377
1443,Bot,46.0,0.37742382271468145
1444,Bot,47.0,0.37785467128027683
1445,AI,21.0,0.6023513139695712
1446,AI,54.0,0.6026261230131306
1447,AI,17.0,0.6029005524861878
1448,Bot,102.0,0.3775017253278123
1449,AI,92.0,0.6027586206896551
1450,AI,79.0,0.6030323914541695
1451,AI,149.0,0.6033057851239669
1452,AI,23.0,0.6035788024776325
1453,Bot,52.0,0.3768913342503439
1454,Bot,66.0,0.37731958762886597
1455,Bot,63.0,0.37774725274725274
1456,AI,46.0,0.602608098833219
1457,,,
1458,AI,84.0,0.6024674434544208
1459,AI,60.0,0.6027397260273972
1460,AI,33.0,0.6030116358658453
1461,AI,23.0,0.6032831737346102
1462,AI,20.0,0.6035543403964456
1463,Bot,71.0,0.37636612021857924
1464,Bot,89.0,0.37679180887372016
1465,Bot,40.0,0.3772169167803547
1466,AI,26.0,0.6025903203817314
1467,AI,28.0,0.6028610354223434
1468,AI,135.0,0.6031313818924439
1469,AI,59.0,0.6034013605442177
1470,Bot,26.0,0.37661454792658056
1471,AI,40.0,0.6032608695652174
1472,AI,27.0,0.603530210454854
1473,AI,24.0,0.6037991858887382
1474,AI,22.0,0.6040677966101695
1475,Bot,58.0,0.37601626016260165
1476,AI,55.0,0.6039268788083954
1477,AI,17.0,0.6041948579161028
1478,AI,64.0,0.6044624746450304
1479,AI,14.0,0.6047297297297297
1480,AI,26.0,0.6049966239027684
1481,,,
1482,AI,100.0,0.6048550236008091
1483,AI,121.0,0.605121293800539
1484,Bot,56.0,0.3744107744107744
1485,AI,76.0,0.6049798115746972
1486,Bot,81.0,0.3745796906523201
1487,Bot,13.0,0.375
1488,AI,59.0,0.6044325050369376
1489,Bot,29.0,0.37516778523489935
1490,AI,65.0,0.6042924211938296
1491,Bot,24.0,0.3753351206434316
1492,Bot,34.0,0.37575351640991295
1493,AI,92.0,0.6037483266398929
1494,AI,30.0,0.6040133779264214
1495,Bot,47.0,0.37566844919786097
1496,Bot,77.0,0.3760855043420174
1497,Bot,76.0,0.376502002670227
1498,Bot,132.0,0.37691794529686456
1499,Bot,35.0,0.37733333333333335
1500,AI,30.0,0.6022651565622918
1501,,,
1502,AI,65.0,0.6021290751829674
1503,AI,71.0,0.6023936170212766
1504,Bot,45.0,0.3767441860465116
1505,Bot,120.0,0.37715803452855245
1506,AI,40.0,0.6018579960185799
1507,AI,96.0,0.6021220159151194
1508,AI,141.0,0.6023856858846919
1509,AI,21.0,0.6026490066225165
1510,AI,60.0,0.6029119788219722
1511,,,
1512,AI,155.0,0.6027759418374091
1513,Bot,76.0,0.3758256274768824
1514,AI,48.0,0.6026402640264027
1515,AI,32.0,0.6029023746701847
1516,AI,34.0,0.6031641397495056
1517,Bot,39.0,0.37549407114624506
1518,AI,83.0,0.6030283080974326
1519,AI,14.0,0.6032894736842105
1520,AI,30.0,0.6035502958579881
1521,AI,32.0,0.6038107752956636
1522,Bot,87.0,0.37491792514773475
1523,AI,41.0,0.6036745406824147
1524,AI,13.0,0.6039344262295082
1525,AI,51.0,0.6041939711664482
1526,AI,64.0,0.6044531761624099
1527,Bot,52.0,0.3743455497382199
1528,Bot,37.0,0.3747547416612165
1529,Bot,57.0,0.37516339869281046
1530,Bot,16.0,0.37557152188112347
1531,Bot,131.0,0.37597911227154046
1532,Bot,35.0,0.37638617090671883
1533,AI,74.0,0.6023468057366362
1534,AI,27.0,0.6026058631921825
1535,AI,23.0,0.6028645833333334
1536,Bot,92.0,0.3760572543916721
1537,Bot,89.0,0.3764629388816645
1538,Bot,54.0,0.37686809616634176
1539,AI,61.0,0.6019480519480519
1540,AI,58.0,0.6022063595068138
1541,AI,20.0,0.6024643320363164
1542,AI,97.0,0.6027219701879456
1543,Bot,53.0,0.37629533678756477
1544,Bot,41.0,0.3766990291262136
1545,Bot,25.0,0.37710219922380334
1546,AI,121.0,0.6018099547511312
1547,AI,19.0,0.6020671834625323
1548,AI,47.0,0.6023240800516462
1549,Bot,35.0,0.3767741935483871
1550,Bot,36.0,0.3771760154738878
1551,Bot,70.0,0.37757731958762886
1552,Bot,71.0,0.37797810688989053
1553,AI,35.0,0.601029601029601
1554,Bot,23.0,0.37813504823151123
1555,AI,120.0,0.6008997429305912
1556,AI,34.0,0.6011560693641619
1557,Bot,89.0,0.3780487804878049
1558,AI,26.0,0.6010262989095574
1559,AI,44.0,0.6012820512820513
1560,AI,14.0,0.6015374759769379
1561,Bot,153.0,0.37772087067861715
1562,AI,117.0,0.6014075495841331
1563,Bot,24.0,0.3778772378516624
1564,Bot,58.0,0.3782747603833866
1565,Bot,26.0,0.3786717752234994
1566,Bot,63.0,0.37906828334396936
1567,AI,26.0,0.6001275510204082
1568,AI,58.0,0.6003824091778203
1569,AI,57.0,0.6006369426751592
1570,Bot,40.0,0.3787396562698918
1571,AI,56.0,0.6005089058524173
1572,AI,21.0,0.6007628734901462
1573,AI,73.0,0.6010165184243964
1574,Bot,35.0,0.3784126984126984
1575,AI,75.0,0.6008883248730964
1576,AI,110.0,0.6011414077362079
1577,AI,147.0,0.6013941698352345
1578,Bot,53.0,0.37808739708676375
1579,AI,78.0,0.6012658227848101
1580,AI,33.0,0.6015180265654649
1581,AI,24.0,0.6017699115044248
1582,AI,58.0,0.6020214782059381
1583,AI,55.0,0.6022727272727273
1584,AI,37.0,0.6025236593059937
1585,AI,38.0,0.6027742749054225
1586,AI,57.0,0.6030245746691871
1587,AI,25.0,0.6032745591939547
1588,AI,160.0,0.6035242290748899
1589,Bot,38.0,0.37610062893081764
1590,Bot,23.0,0.37649277184160906
1591,AI,19.0,0.6030150753768844
1592,Bot,102.0,0.3766478342749529
1593,AI,24.0,0.6028858218318696
1594,AI,39.0,0.6031347962382445
1595,Bot,86.0,0.37656641604010027
1596,Bot,44.0,0.3769567939887289
1597,Bot,51.0,0.37734668335419275
1598,Bot,67.0,0.3777360850531582
1599,AI,125.0,0.601875
1600,Bot,63.0,0.3778888194878201
1601,AI,44.0,0.6017478152309613
1602,Bot,141.0,0.37804117280099814
1603,Bot,41.0,0.378428927680798
1604,Bot,12.0,0.37881619937694705
1605,AI,72.0,0.6008717310087173
1606,AI,54.0,0.6011200995644057
1607,Bot,40.0,0.3787313432835821
1608,Bot,98.0,0.3791174642635177
1609,Bot,145.0,0.3795031055900621
1610,Bot,138.0,0.37988826815642457
1611,AI,86.0,0.5998759305210918
1612,AI,42.0,0.6001239925604464
1613,AI,141.0,0.6003717472118959
1614,Bot,39.0,0.37956656346749224
1615,Bot,94.0,0.37995049504950495
1616,Bot,25.0,0.3803339517625232
1617,Bot,106.0,0.380716934487021
1618,Bot,24.0,0.3810994441012971
1619,AI,60.0,0.5987654320987654
1620,AI,74.0,0.5990129549660703
1621,AI,96.0,0.5992601726263872
1622,AI,19.0,0.5995070856438693
1623,Bot,110.0,0.3805418719211823
1624,AI,19.0,0.5993846153846154
1625,AI,18.0,0.5996309963099631
1626,Bot,54.0,0.38045482483097726
1627,Bot,95.0,0.3808353808353808
1628,Bot,14.0,0.3812154696132597
1629,Bot,41.0,0.3815950920245399
1630,AI,59.0,0.598405885959534
1631,AI,30.0,0.5986519607843137
1632,AI,60.0,0.5988977342314759
1633,AI,25.0,0.5991432068543452
1634,Bot,50.0,0.38103975535168194
1635,AI,60.0,0.5990220048899756
1636,AI,81.0,0.5992669517409897
1637,AI,32.0,0.5995115995115995
1638,AI,66.0,0.5997559487492373
1639,AI,74.0,0.6
1640,Bot,31.0,0.3802559414990859
1641,AI,33.0,0.5998781973203411
1642,AI,38.0,0.6001217285453438
1643,AI,43.0,0.6003649635036497
1644,AI,32.0,0.6006079027355623
1645,Bot,133.0,0.37970838396111783
1646,Bot,75.0,0.3800850030358227
1647,AI,55.0,0.600121359223301
1648,AI,49.0,0.6003638568829593
1649,AI,25.0,0.6006060606060606
1650,AI,65.0,0.600847970926711
1651,AI,61.0,0.601089588377724
1652,Bot,28.0,0.3793103448275862
1653,Bot,44.0,0.37968561064087064
1654,AI,102.0,0.6006042296072508
1655,AI,58.0,0.6008454106280193
1656,Bot,152.0,0.3796016898008449
1657,AI,68.0,0.6007237635705669
1658,AI,36.0,0.6009644364074744
1659,Bot,88.0,0.3795180722891566
1660,AI,34.0,0.600842865743528
1661,AI,98.0,0.6010830324909747
1662,AI,41.0,0.6013229104028863
1663,AI,68.0,0.6015625
1664,,,
1665,AI,61.0,0.6014405762304922
1666,AI,70.0,0.6016796640671865
1667,AI,26.0,0.6019184652278178
1668,AI,23.0,0.6021569802276813
1669,AI,48.0,0.6023952095808384
1670,AI,51.0,0.6026331538001197
1671,AI,17.0,0.6028708133971292
1672,AI,105.0,0.6031081888822475
1673,AI,83.0,0.6033452807646356
1674,Bot,68.0,0.37671641791044774
1675,Bot,16.0,0.37708830548926014
1676,Bot,55.0,0.3774597495527728
1677,Bot,47.0,0.3778307508939213
1678,AI,66.0,0.6021441334127456
1679,Bot,36.0,0.37797619047619047
1680,AI,33.0,0.6020226055919096
1681,AI,114.0,0.6022592152199763
1682,Bot,97.0,0.3778966131907308
1683,AI,34.0,0.6021377672209026
1684,AI,99.0,0.6023738872403561
1685,Bot,37.0,0.3778173190984579
1686,AI,68.0,0.6022525192649674
1687,,,
1688,Bot,95.0,0.3777383066903493
1689,Bot,44.0,0.37810650887573966
1690,AI,29.0,0.6014192785334121
1691,AI,70.0,0.6016548463356974
1692,Bot,61.0,0.37802717070289427
1693,,,
1694,AI,98.0,0.6011799410029498
1695,AI,79.0,0.6014150943396226
1696,AI,32.0,0.6016499705362405
1697,Bot,78.0,0.37750294464075385
1698,AI,25.0,0.6015303119482048
1699,Bot,47.0,0.3776470588235294
1700,AI,24.0,0.6014109347442681
1701,Bot,36.0,0.37779083431257343
1702,Bot,40.0,0.37815619495008806
1703,AI,32.0,0.6009389671361502
1704,AI,34.0,0.6011730205278593
1705,AI,60.0,0.6014067995310668
1706,AI,91.0,0.6016403046280023
1707,Bot,39.0,0.37763466042154564
1708,Bot,58.0,0.3779988297249854
1709,Bot,57.0,0.3783625730994152
1710,AI,77.0,0.6008182349503215
1711,Bot,83.0,0.37850467289719625
1712,Bot,40.0,0.37886748394629305
1713,AI,65.0,0.6003500583430572
1714,AI,78.0,0.6005830903790087
1715,AI,17.0,0.6008158508158508
1716,Bot,28.0,0.37856726849155503
1717,Bot,81.0,0.3789289871944121
1718,Bot,140.0,0.37929028504944734
1719,Bot,25.0,0.37965116279069766
1720,Bot,37.0,0.3800116211504939
1721,Bot,40.0,0.3803716608594657
1722,Bot,22.0,0.3807312826465467
1723,Bot,140.0,0.3810904872389791
1724,AI,31.0,0.5982608695652174
1725,AI,24.0,0.5984936268829664
1726,Bot,109.0,0.3810075275043428
1727,Bot,55.0,0.38136574074074076
1728,AI,152.0,0.5980335454019664
1729,AI,59.0,0.5982658959537572
1730,AI,31.0,0.5984979780473715
1731,AI,75.0,0.598729792147806
1732,Bot,30.0,0.3808424697057126
1733,Bot,39.0,0.381199538638985
1734,Bot,12.0,0.38155619596541784
1735,Bot,21.0,0.3819124423963134
1736,AI,45.0,0.5975820379965457
1737,AI,16.0,0.5978135788262371
1738,AI,12.0,0.5980448533640023
1739,AI,31.0,0.5982758620689655
1740,Bot,76.0,0.38139000574382537
1741,AI,21.0,0.5981630309988519
1742,AI,54.0,0.5983935742971888
1743,Bot,42.0,0.38130733944954126
1744,AI,68.0,0.5982808022922637
1745,AI,22.0,0.5985108820160366
1746,AI,25.0,0.5987406983400114
1747,AI,16.0,0.5989702517162472
1748,AI,138.0,0.599199542595769
1749,Bot,81.0,0.38057142857142856
1750,Bot,18.0,0.38092518560822386
1751,AI,37.0,0.598744292237443
1752,AI,15.0,0.5989731888191672
1753,Bot,26.0,0.3808437856328392
1754,AI,37.0,0.5988603988603989
1755,AI,124.0,0.5990888382687927
1756,AI,29.0,0.5993170176437109
1757,Bot,81.0,0.38054607508532423
1758,Bot,128.0,0.3808982376350199
1759,AI,72.0,0.5988636363636364
1760,AI,39.0,0.599091425326519
1761,AI,90.0,0.5993189557321226
1762,AI,22.0,0.5995462280204198
1763,AI,20.0,0.5997732426303855
1764,AI,56.0,0.6
1765,Bot,68.0,0.37995469988674974
1766,Bot,64.0,0.38030560271646857
1767,Bot,13.0,0.38065610859728505
1768,Bot,47.0,0.38100621820237424
1769,AI,23.0,0.5988700564971752
1770,AI,38.0,0.5990965556182948
1771,AI,14.0,0.5993227990970654
1772,Bot,55.0,0.38071065989847713
1773,AI,113.0,0.5992108229988726
1774,AI,24.0,0.5994366197183099
1775,Bot,18.0,0.38063063063063063
1776,AI,19.0,0.5993247045582443
1777,AI,89.0,0.5995500562429696
1778,AI,90.0,0.5997751545812254
1779,AI,19.0,0.6
1780,Bot,82.0,0.3801235261089276
1781,Bot,65.0,0.38047138047138046
1782,AI,50.0,0.5995513180033651
1783,AI,56.0,0.5997757847533632
1784,AI,34.0,0.6
1785,AI,27.0,0.6002239641657335
1786,AI,31.0,0.6004476776720761
1787,Bot,97.0,0.37975391498881433
1788,Bot,116.0,0.3801006148686417
1789,Bot,50.0,0.3804469273743017
1790,Bot,43.0,0.3807928531546622
1791,,,
1792,AI,73.0,0.5989960959286112
1793,AI,71.0,0.5992196209587514
1794,AI,27.0,0.5994428969359331
1795,AI,33.0,0.5996659242761693
1796,Bot,28.0,0.3800779076238175
1797,AI,116.0,0.5995550611790879
1798,Bot,88.0,0.3802112284602557
1799,AI,32.0,0.5994444444444444
1800,Bot,36.0,0.38034425319267073
1801,AI,58.0,0.5993340732519423
1802,AI,30.0,0.5995562950637826
1803,Bot,49.0,0.3802660753880266
1804,Bot,30.0,0.38060941828254846
1805,AI,33.0,0.5991140642303433
1806,AI,21.0,0.5993359158826784
1807,AI,74.0,0.5995575221238938
1808,AI,32.0,0.599778883360973
1809,AI,86.0,0.6
1810,Bot,48.0,0.37990060739922693
1811,AI,126.0,0.5998896247240618
1812,AI,65.0,0.6001103143960287
1813,Bot,74.0,0.37982359426681367
1814,Bot,52.0,0.38016528925619836
1815,AI,164.0,0.599669603524229
1816,Bot,37.0,0.3802971931755641
1817,Bot,33.0,0.38063806380638066
1818,,,
1819,AI,48.0,0.5989010989010989
1820,Bot,50.0,0.3805601317957166
1821,Bot,29.0,0.3809001097694841
1822,AI,55.0,0.5984640702139331
1823,AI,106.0,0.5986842105263158
1824,AI,36.0,0.5989041095890411
1825,Bot,53.0,0.38061336254107336
1826,Bot,57.0,0.38095238095238093
1827,Bot,69.0,0.3812910284463895
1828,Bot,101.0,0.3816293056314926
1829,AI,42.0,0.5978142076502733
1830,AI,18.0,0.5980338612779902
1831,AI,82.0,0.5982532751091703
1832,Bot,61.0,0.381342062193126
1833,AI,113.0,0.5981461286804798
1834,AI,74.0,0.5983651226158038
1835,Bot,50.0,0.3812636165577342
1836,Bot,78.0,0.38160043549265105
1837,Bot,42.0,0.381936887921654
1838,Bot,47.0,0.38227297444263186
1839,AI,83.0,0.5972826086956522
1840,Bot,81.0,0.3824008690928843
1841,Bot,32.0,0.38273615635179153
1842,AI,26.0,0.5968529571351058
1843,AI,53.0,0.5970715835140998
1844,AI,27.0,0.597289972899729
1845,Bot,24.0,0.38244853737811485
1846,AI,75.0,0.5971846237141311
1847,Bot,28.0,0.38257575757575757
1848,Bot,80.0,0.3829096809085992
1849,AI,74.0,0.5967567567567568
1850,AI,26.0,0.5969746083198271
1851,AI,72.0,0.5971922246220303
1852,AI,135.0,0.5974096060442525
1853,Bot,40.0,0.3824163969795038
1854,Bot,49.0,0.38274932614555257
1855,Bot,43.0,0.38308189655172414
1856,,,
1857,AI,39.0,0.596340150699677
1858,AI,90.0,0.5965572888649812
1859,Bot,23.0,0.3827956989247312
1860,AI,41.0,0.5964535196131112
1861,AI,39.0,0.5966702470461869
1862,AI,75.0,0.596886741814278
1863,AI,13.0,0.5971030042918455
1864,Bot,64.0,0.3823056300268097
1865,Bot,56.0,0.38263665594855306
1866,Bot,87.0,0.38296732726298877
1867,AI,73.0,0.5963597430406852
1868,AI,63.0,0.5965757089352595
1869,AI,55.0,0.5967914438502674
1870,AI,69.0,0.5970069481560663
1871,AI,88.0,0.5972222222222222
1872,AI,83.0,0.597437266417512
1873,Bot,120.0,0.3820704375667022
1874,AI,57.0,0.5973333333333334
1875,AI,95.0,0.597547974413646
1876,Bot,59.0,0.38199254128929144
1877,Bot,33.0,0.38232161874334397
1878,Bot,23.0,0.38265034592868546
1879,AI,118.0,0.5968085106382979
1880,Bot,118.0,0.3827751196172249
1881,AI,51.0,0.5967056323060573
1882,Bot,71.0,0.3828996282527881
1883,Bot,17.0,0.3832271762208068
1884,AI,80.0,0.5962864721485411
1885,AI,70.0,0.5965005302226936
1886,Bot,33.0,0.383147853736089
1887,Bot,82.0,0.3834745762711864
1888,Bot,26.0,0.3838009528851244
1889,AI,25.0,0.5957671957671957
1890,Bot,37.0,0.38392384981491273
1891,AI,45.0,0.5956659619450317
1892,AI,133.0,0.595879556259905
1893,Bot,52.0,0.38384371700105596
1894,Bot,77.0,0.3841688654353562
1895,Bot,15.0,0.38449367088607594
1896,AI,31.0,0.5951502372166578
1897,AI,22.0,0.59536354056902
1898,AI,76.0,0.5955766192733017
1899,Bot,46.0,0.38421052631578945
1900,AI,41.0,0.5954760652288269
1901,AI,21.0,0.5956887486855941
1902,AI,33.0,0.5959012086179716
1903,,,
1904,Bot,37.0,0.3837270341207349
1905,AI,45.0,0.5954879328436516
1906,AI,95.0,0.5957000524383849
1907,AI,30.0,0.5959119496855346
1908,,,
1909,Bot,34.0,0.3832460732984293
1910,Bot,74.0,0.3835688121402407
1911,AI,25.0,0.5951882845188284
1912,,,
1913,AI,41.0,0.5950888192267503
1914,Bot,42.0,0.383289817232376
1915,Bot,56.0,0.3836116910229645
1916,Bot,16.0,0.38393322900365157
1917,Bot,79.0,0.38425443169968715
1918,Bot,54.0,0.3845752996352267
1919,Bot,46.0,0.3848958333333333
1920,Bot,113.0,0.38521603331598125
1921,AI,111.0,0.5931321540062435
1922,AI,73.0,0.59334373374935
1923,Bot,58.0,0.38513513513513514
1924,Bot,77.0,0.38545454545454544
1925,AI,68.0,0.592938733125649
1926,AI,95.0,0.593149974052932
1927,AI,45.0,0.5933609958506224
1928,AI,23.0,0.5935717988595127
1929,,,
1930,Bot,29.0,0.384774728120145
1931,AI,38.0,0.593167701863354
1932,Bot,133.0,0.38489394723228143
1933,AI,33.0,0.5930713547052741
1934,Bot,41.0,0.3850129198966408
1935,AI,73.0,0.5929752066115702
1936,AI,24.0,0.5931853381517811
1937,AI,61.0,0.5933952528379773
1938,AI,44.0,0.593604951005673
1939,Bot,136.0,0.3845360824742268
1940,Bot,31.0,0.3848531684698609
1941,Bot,80.0,0.38516992790937177
1942,Bot,42.0,0.38548636129696345
1943,AI,47.0,0.5925925925925926
1944,Bot,112.0,0.3856041131105398
1945,AI,57.0,0.5924974306269271
1946,AI,34.0,0.5927067282999486
1947,AI,109.0,0.5929158110882957
1948,AI,36.0,0.5931246793227296
1949,AI,52.0,0.5933333333333334
1950,Bot,34.0,0.3849308047155305
1951,AI,67.0,0.5932377049180327
1952,AI,41.0,0.5934459805427548
1953,AI,158.0,0.593654042988741
1954,AI,64.0,0.5938618925831202
1955,Bot,94.0,0.38445807770961143
1956,Bot,42.0,0.38477261113949923
1957,Bot,84.0,0.38508682328907046
1958,Bot,57.0,0.3854007146503318
1959,Bot,37.0,0.38571428571428573
1960,Bot,59.0,0.38602753697093317
1961,Bot,38.0,0.38634046890927626
1962,AI,56.0,0.5919510952623536
1963,Bot,56.0,0.3864562118126273
1964,Bot,34.0,0.38676844783715014
1965,AI,34.0,0.5915564598168871
1966,AI,17.0,0.5917641077783427
1967,AI,70.0,0.5919715447154471
1968,AI,163.0,0.5921787709497207
1969,AI,108.0,0.5923857868020305
1970,AI,60.0,0.5925925925925926
1971,Bot,26.0,0.3859026369168357
1972,AI,29.0,0.59249873289407
1973,AI,35.0,0.5927051671732523
1974,AI,18.0,0.5929113924050633
1975,AI,72.0,0.5931174089068826
1976,Bot,27.0,0.38543247344461307
1977,Bot,19.0,0.3857431749241658
1978,AI,56.0,0.5927235977766548
1979,AI,98.0,0.592929292929293
1980,Bot,83.0,0.3856638061585058
1981,AI,42.0,0.5928355196770938
1982,Bot,74.0,0.3857791225416036
1983,AI,65.0,0.592741935483871
1984,Bot,155.0,0.3858942065491184
1985,Bot,41.0,0.3862034239677744
1986,Bot,86.0,0.38651233014594866
1987,AI,78.0,0.5920523138832998
1988,Bot,70.0,0.3866264454499749
1989,AI,105.0,0.5919597989949749
1990,AI,163.0,0.592164741336012
1991,AI,68.0,0.5923694779116466
1992,Bot,48.0,0.386352232814852
1993,AI,27.0,0.5922768304914744
1994,AI,24.0,0.5924812030075188
1995,AI,69.0,0.592685370741483
1996,AI,28.0,0.5928893340010015
1997,AI,38.0,0.5930930930930931
1998,AI,12.0,0.5932966483241621
1999,AI,34.0,0.5935
2000,AI,62.0,0.5937031484257871
2001,AI,25.0,0.593906093906094
2002,AI,22.0,0.5941088367448827
2003,Bot,23.0,0.3847305389221557
2004,Bot,146.0,0.38503740648379053
2005,AI,138.0,0.5937188434695913
2006,AI,52.0,0.5939212755356253
2007,AI,59.0,0.5941235059760956
2008,AI,51.0,0.5943255350920856
2009,AI,63.0,0.5945273631840796
2010,AI,18.0,0.5947289905519642
2011,AI,21.0,0.5949304174950298
2012,AI,152.0,0.5951316443119722
2013,Bot,43.0,0.38381330685203574
2014,Bot,122.0,0.38411910669975186
2015,Bot,45.0,0.3844246031746032
2016,AI,152.0,0.594447198810114
2017,AI,101.0,0.5946481665014867
2018,Bot,49.0,0.3843486874690441
2019,Bot,17.0,0.38465346534653466
2020,Bot,84.0,0.38495794161306285
2021,Bot,24.0,0.38526211671612265
2022,AI,88.0,0.5936727632229363
2023,AI,18.0,0.5938735177865613
2024,Bot,50.0,0.3851851851851852
2025,AI,28.0,0.5937808489634748
2026,AI,64.0,0.5939812530833745
2027,Bot,36.0,0.38510848126232744
2028,AI,35.0,0.5938886150813208
2029,Bot,41.0,0.3852216748768473
2030,Bot,100.0,0.38552437223042835
2031,AI,104.0,0.593503937007874
2032,Bot,83.0,0.3856369896704378
2033,Bot,37.0,0.3859390363815143
2034,AI,34.0,0.5931203931203931
2035,AI,109.0,0.593320235756385
2036,AI,33.0,0.593519882179676
2037,Bot,118.0,0.3856722276741904
2038,,,
2039,Bot,32.0,0.3857843137254902
2040,Bot,94.0,0.3860852523272905
2041,Bot,28.0,0.38638589618021546
2042,Bot,50.0,0.3866862457170827
2043,Bot,34.0,0.386986301369863
2044,AI,84.0,0.5916870415647921
2045,Bot,70.0,0.3870967741935484
2046,AI,35.0,0.5915974596971177
2047,Bot,128.0,0.38720703125
2048,Bot,66.0,0.38750610053684725
2049,Bot,70.0,0.3878048780487805
2050,AI,40.0,0.590931253047294
2051,Bot,48.0,0.38791423001949316
2052,AI,115.0,0.590842669264491
2053,Bot,46.0,0.38802336903602724
2054,Bot,25.0,0.3883211678832117
2055,AI,122.0,0.5904669260700389
2056,AI,69.0,0.5906660184735051
2057,AI,97.0,0.5908649173955296
2058,Bot,80.0,0.38805245264691596
2059,Bot,36.0,0.3883495145631068
2060,Bot,26.0,0.388646288209607
2061,AI,21.0,0.5902036857419981
2062,AI,22.0,0.5904023267086767
2063,AI,31.0,0.5906007751937985
2064,AI,90.0,0.5907990314769975
2065,Bot,48.0,0.38818973862536305
2066,Bot,10.0,0.3884857281083696
2067,AI,85.0,0.5904255319148937
2068,Bot,36.0,0.38859352344127596
2069,Bot,166.0,0.3888888888888889
2070,AI,77.0,0.5900531144374698
2071,,,
2072,AI,86.0,0.5899662325132659
2073,Bot,43.0,0.38862102217936356
2074,Bot,36.0,0.3889156626506024
2075,AI,114.0,0.5895953757225434
2076,AI,78.0,0.5897929706307173
2077,AI,64.0,0.5899903753609239
2078,Bot,37.0,0.38864838864838863
2079,Bot,28.0,0.3889423076923077
2080,AI,34.0,0.5896203748197981
2081,Bot,51.0,0.38904899135446686
2082,Bot,15.0,0.38934229476716276
2083,AI,144.0,0.5892514395393474
2084,AI,19.0,0.5894484412470024
2085,Bot,97.0,0.38926174496644295
2086,Bot,66.0,0.38955438428366074
2087,AI,54.0,0.5890804597701149
2088,AI,72.0,0.5892771661081857
2089,Bot,65.0,0.3894736842105263
2090,Bot,25.0,0.389765662362506
2091,Bot,21.0,0.390057361376673
2092,Bot,88.0,0.3903487816531295
2093,AI,50.0,0.5883476599808978
2094,Bot,84.0,0.39045346062052505
2095,AI,41.0,0.5882633587786259
2096,Bot,47.0,0.3905579399141631
2097,AI,60.0,0.5881792183031459
2098,AI,26.0,0.5883754168651739
2099,AI,23.0,0.5885714285714285
2100,AI,87.0,0.5887672536887196
2101,AI,87.0,0.5889628924833492
2102,AI,31.0,0.5891583452211127
2103,AI,43.0,0.5893536121673004
2104,AI,83.0,0.5895486935866984
2105,Bot,107.0,0.38936372269705605
2106,AI,48.0,0.5894636924537257
2107,Bot,49.0,0.3894686907020873
2108,AI,30.0,0.5893788525367473
2109,Bot,65.0,0.38957345971563984
2110,Bot,16.0,0.38986262434864993
2111,,,
2112,AI,25.0,0.5887363937529578
2113,AI,17.0,0.5889309366130558
2114,AI,46.0,0.5891252955082742
2115,Bot,124.0,0.389413988657845
2116,AI,57.0,0.589041095890411
2117,AI,30.0,0.5892351274787535
2118,Bot,105.0,0.38933459178857954
2119,AI,93.0,0.5891509433962264
2120,AI,149.0,0.5893446487505893
2121,AI,135.0,0.5895381715362865
2122,AI,27.0,0.5897315120113048
2123,AI,50.0,0.589924670433145
2124,AI,87.0,0.5901176470588235
2125,Bot,50.0,0.3885230479774224
2126,AI,102.0,0.5900329102021626
2127,Bot,52.0,0.38862781954887216
2128,Bot,128.0,0.388914983560357
2129,Bot,26.0,0.3892018779342723
2130,Bot,28.0,0.38948850305021115
2131,AI,43.0,0.5891181988742964
2132,AI,117.0,0.5893108298171589
2133,AI,28.0,0.5895032802249297
2134,Bot,58.0,0.3892271662763466
2135,Bot,62.0,0.3895131086142322
2136,Bot,113.0,0.38979878334113244
2137,Bot,33.0,0.3900841908325538
2138,AI,102.0,0.5885928003740065
2139,Bot,127.0,0.3901869158878505
2140,AI,66.0,0.5885100420364315
2141,Bot,25.0,0.3902894491129785
2142,AI,60.0,0.5884274381707886
2143,AI,24.0,0.5886194029850746
2144,AI,12.0,0.5888111888111888
2145,Bot,43.0,0.39002795899347625
2146,Bot,78.0,0.3903120633442012
2147,AI,39.0,0.5884543761638734
2148,AI,17.0,0.5886458818054909
2149,AI,59.0,0.5888372093023255
2150,AI,96.0,0.5890283589028359
2151,Bot,38.0,0.3898698884758364
2152,Bot,39.0,0.3901532745006967
2153,Bot,73.0,0.3904363974001857
2154,AI,71.0,0.588399071925754
2155,AI,80.0,0.5885899814471243
2156,Bot,38.0,0.3903569772832638
2157,AI,101.0,0.5885078776645042
2158,AI,38.0,0.5886984715145901
2159,AI,88.0,0.5888888888888889
2160,AI,50.0,0.5890791300323924
2161,AI,63.0,0.5892691951896393
2162,AI,34.0,0.5894590846047156
2163,Bot,134.0,0.38955637707948243
2164,Bot,23.0,0.38983833718244804
2165,,,
2166,Bot,44.0,0.38994000922934935
2167,Bot,67.0,0.39022140221402213
2168,AI,93.0,0.5882895343476257
2169,AI,56.0,0.588479262672811
2170,AI,32.0,0.5886688162137264
2171,AI,89.0,0.5888581952117864
2172,AI,71.0,0.5890473999079613
2173,AI,74.0,0.5892364305427783
2174,AI,18.0,0.5894252873563218
2175,Bot,88.0,0.38924632352941174
2176,Bot,66.0,0.38952687184198437
2177,Bot,11.0,0.38980716253443526
2178,Bot,112.0,0.3900871959614502
2179,Bot,43.0,0.3903669724770642
2180,Bot,33.0,0.390646492434663
2181,AI,32.0,0.5879926672777268
2182,AI,47.0,0.5881814017407238
2183,AI,24.0,0.5883699633699634
2184,AI,57.0,0.588558352402746
2185,Bot,32.0,0.3902104300091491
2186,Bot,24.0,0.3904892546867855
2187,AI,124.0,0.5882084095063985
2188,AI,168.0,0.5883965280950205
2189,Bot,40.0,0.3904109589041096
2190,AI,79.0,0.5883158375171155
2191,AI,19.0,0.5885036496350365
2192,AI,46.0,0.5886912904696763
2193,AI,24.0,0.5888787602552416
2194,Bot,32.0,0.38997722095671983
2195,Bot,54.0,0.39025500910746813
2196,AI,37.0,0.5885298133818844
2197,AI,31.0,0.5887170154686078
2198,AI,14.0,0.5889040472942246
2199,AI,26.0,0.5890909090909091
2200,Bot,73.0,0.3898228078146297
2201,Bot,40.0,0.39009990917347864
2202,Bot,24.0,0.39037675896504764
2203,Bot,44.0,0.39065335753176045
2204,AI,41.0,0.5882086167800453
2205,AI,25.0,0.5883952855847688
2206,Bot,57.0,0.39057544177616677
2207,Bot,38.0,0.3908514492753623
2208,AI,121.0,0.5880488909008601
2209,AI,26.0,0.5882352941176471
2210,AI,38.0,0.5884215287200362
2211,AI,48.0,0.5886075949367089
2212,AI,18.0,0.5887934929959331
2213,AI,35.0,0.5889792231255646
2214,Bot,62.0,0.39006772009029345
2215,AI,39.0,0.5888989169675091
2216,AI,23.0,0.589084348218313
2217,Bot,27.0,0.38999098286744815
2218,AI,46.0,0.5890040558810274
2219,AI,64.0,0.5891891891891892
2220,AI,56.0,0.5893741557856821
2221,Bot,22.0,0.38973897389738976
2222,Bot,141.0,0.3900134952766532
2223,AI,27.0,0.5890287769784173
2224,AI,72.0,0.5892134831460674
2225,Bot,42.0,0.389937106918239
2226,Bot,17.0,0.3902110462505613
2227,AI,98.0,0.5888689407540395
2228,Bot,70.0,0.39030955585464333
2229,AI,56.0,0.5887892376681614
2230,AI,23.0,0.5889735544598834
2231,Bot,29.0,0.39023297491039427
2232,AI,28.0,0.5888938647559337
2233,AI,28.0,0.5890778871978514
2234,AI,73.0,0.5892617449664429
2235,AI,30.0,0.5894454382826476
2236,AI,12.0,0.5896289673670094
2237,AI,113.0,0.5898123324396782
2238,AI,27.0,0.5899955337204109
2239,AI,20.0,0.5901785714285714
2240,Bot,151.0,0.3891120035698349
2241,AI,95.0,0.5900981266726137
2242,AI,46.0,0.5902808738296924
2243,AI,164.0,0.5904634581105169
2244,AI,41.0,0.5906458797327394
2245,Bot,40.0,0.38869100623330366
2246,Bot,95.0,0.38896306186025814
2247,AI,38.0,0.5903024911032029
2248,AI,71.0,0.5904846598488217
2249,Bot,105.0,0.3888888888888889
2250,,,
2251,AI,63.0,0.5901420959147424
2252,AI,35.0,0.5903240124278739
2253,AI,60.0,0.5905057675244011
2254,Bot,156.0,0.388470066518847
2255,AI,38.0,0.5904255319148937
2256,Bot,28.0,0.38856889676561807
2257,AI,38.0,0.5903454384410983
2258,AI,81.0,0.5905267817618415
2259,AI,28.0,0.5907079646017699
2260,AI,24.0,0.5908889871738169
2261,AI,24.0,0.5910698496905393
2262,Bot,152.0,0.3879805567830314
2263,AI,67.0,0.5909893992932862
2264,Bot,17.0,0.3880794701986755
2265,Bot,64.0,0.3883495145631068
2266,AI,30.0,0.5906484340538156
2267,AI,142.0,0.5908289241622575
2268,AI,16.0,0.5910092551784927
2269,AI,71.0,0.5911894273127754
2270,Bot,69.0,0.38793483047115807
2271,Bot,22.0,0.3882042253521127
2272,Bot,79.0,0.3884733831940167
2273,AI,38.0,0.590589270008795
2274,AI,23.0,0.5907692307692308
2275,AI,14.0,0.5909490333919156
2276,AI,103.0,0.5911286780851999
2277,AI,41.0,0.5913081650570676
2278,AI,25.0,0.5914874945151383
2279,,,
2280,AI,26.0,0.5914072775098641
2281,Bot,21.0,0.3873794916739702
2282,Bot,42.0,0.3876478318002628
2283,AI,24.0,0.5910683012259195
2284,AI,31.0,0.5912472647702407
2285,AI,18.0,0.5914260717410323
2286,AI,55.0,0.5916047223436817
2287,AI,75.0,0.5917832167832168
2288,Bot,148.0,0.3870685889034513
2289,Bot,24.0,0.38733624454148474
2290,Bot,35.0,0.3876036665211698
2291,Bot,107.0,0.3878708551483421
2292,AI,60.0,0.5909289140863497
2293,AI,31.0,0.5911072362685266
2294,AI,13.0,0.5912854030501089
2295,Bot,54.0,0.3876306620209059
2296,AI,33.0,0.5912059207662168
2297,AI,37.0,0.5913838120104439
2298,Bot,137.0,0.3875598086124402
2299,AI,50.0,0.591304347826087
2300,AI,73.0,0.5914819643633203
2301,Bot,115.0,0.38748913987836664
2302,AI,27.0,0.5914025184541902
2303,Bot,124.0,0.3875868055555556
2304,AI,69.0,0.5913232104121475
2305,AI,50.0,0.5915004336513443
2306,AI,38.0,0.5916775032509753
2307,Bot,40.0,0.3873483535528596
2308,AI,66.0,0.5915980944131659
2309,Bot,87.0,0.3874458874458874
2310,AI,31.0,0.5915188230203375
2311,AI,23.0,0.5916955017301038
2312,AI,33.0,0.591872027669693
2313,AI,116.0,0.592048401037165
2314,AI,83.0,0.5922246220302376
2315,AI,54.0,0.5924006908462867
2316,Bot,134.0,0.3867069486404834
2317,AI,84.0,0.592320966350302
2318,AI,18.0,0.592496765847348
2319,AI,34.0,0.5926724137931034
2320,AI,35.0,0.5928479103834554
2321,AI,64.0,0.5930232558139535
2322,AI,26.0,0.5931984502798106
2323,AI,12.0,0.5933734939759037
2324,AI,94.0,0.5935483870967742
2325,Bot,34.0,0.38564058469475493
2326,AI,114.0,0.593467984529437
2327,AI,57.0,0.5936426116838488
2328,AI,38.0,0.5938170888793474
2329,AI,48.0,0.5939914163090129
2330,AI,37.0,0.5941655941655941
2331,AI,45.0,0.5943396226415094
2332,AI,20.0,0.594513501928847
2333,AI,43.0,0.5946872322193659
2334,Bot,38.0,0.3845824411134904
2335,AI,101.0,0.5946061643835616
2336,Bot,86.0,0.384681215233205
2337,Bot,23.0,0.3849443969204448
2338,AI,105.0,0.5942710560068405
2339,AI,28.0,0.5944444444444444
2340,AI,96.0,0.5946176847501068
2341,AI,27.0,0.5947907771135781
2342,AI,24.0,0.5949637217242851
2343,AI,20.0,0.5951365187713311
2344,AI,25.0,0.5953091684434968
2345,Bot,50.0,0.38405797101449274
2346,AI,156.0,0.5952279505752024
2347,Bot,63.0,0.3841567291311755
2348,Bot,101.0,0.384418901660281
2349,AI,65.0,0.5948936170212766
2350,Bot,28.0,0.3845172267120374
2351,AI,32.0,0.594812925170068
2352,AI,36.0,0.5949851253718657
2353,AI,59.0,0.5951571792693288
2354,AI,60.0,0.5953290870488323
2355,AI,19.0,0.5955008488964346
2356,AI,76.0,0.5956724649978786
2357,AI,71.0,0.595843935538592
2358,AI,37.0,0.596015260703688
2359,AI,57.0,0.5961864406779661
2360,AI,71.0,0.5963574756459128
2361,Bot,45.0,0.3831498729889924
2362,Bot,55.0,0.3834109183241642
2363,AI,78.0,0.5960236886632826
2364,Bot,40.0,0.3835095137420719
2365,Bot,26.0,0.38377007607776836
2366,AI,48.0,0.5956907477820025
2367,Bot,30.0,0.38386824324324326
2368,Bot,32.0,0.3841283241874209
2369,AI,61.0,0.5953586497890295
2370,Bot,94.0,0.38422606495149725
2371,AI,120.0,0.5952782462057336
2372,Bot,27.0,0.3843236409608091
2373,Bot,53.0,0.38458298230834037
2374,AI,86.0,0.5949473684210527
2375,AI,25.0,0.5951178451178452
2376,Bot,135.0,0.3845183003786285
2377,AI,41.0,0.5950378469301935
2378,Bot,63.0,0.38461538461538464
2379,Bot,18.0,0.38487394957983195
2380,Bot,32.0,0.3851322973540529
2381,AI,38.0,0.5944584382871536
2382,Bot,32.0,0.38522870331514897
2383,Bot,15.0,0.38548657718120805
2384,Bot,71.0,0.3857442348008386
2385,AI,33.0,0.5938809723386421
2386,AI,23.0,0.5940511101801424
2387,AI,27.0,0.5942211055276382
2388,Bot,21.0,0.3855169526998744
2389,,,
2390,AI,63.0,0.5938937682977834
2391,AI,26.0,0.5940635451505016
2392,Bot,35.0,0.38529043042206434
2393,AI,48.0,0.5939849624060151
2394,Bot,114.0,0.38538622129436323
2395,AI,62.0,0.593906510851419
2396,AI,36.0,0.5940759282436379
2397,Bot,79.0,0.3853211009174312
2398,AI,31.0,0.5939974989578991
2399,AI,14.0,0.5941666666666666
2400,AI,53.0,0.5943356934610579
2401,AI,17.0,0.5945045795170691
2402,AI,14.0,0.5946733250104037
2403,Bot,155.0,0.3847753743760399
2404,Bot,41.0,0.38503118503118505
2405,AI,89.0,0.5943474646716542
2406,AI,118.0,0.5945159950145409
2407,AI,121.0,0.5946843853820598
2408,AI,15.0,0.5948526359485263
2409,Bot,63.0,0.38464730290456434
2410,AI,137.0,0.5947739527167151
2411,Bot,29.0,0.38474295190713104
2412,AI,68.0,0.5946953999171156
2413,,,
2414,Bot,58.0,0.3846790890269151
2415,Bot,19.0,0.3849337748344371
2416,Bot,168.0,0.38518824989656597
2417,Bot,130.0,0.3854425144747725
2418,Bot,64.0,0.38569656883009507
2419,Bot,36.0,0.3859504132231405
2420,AI,24.0,0.5931433292028088
2421,AI,24.0,0.5933113129644921
2422,Bot,69.0,0.38588526619892694
2423,Bot,52.0,0.38613861386138615
2424,Bot,45.0,0.3863917525773196
2425,Bot,93.0,0.3866446826051113
2426,AI,152.0,0.5925010300782859
2427,AI,134.0,0.592668863261944
2428,AI,49.0,0.5928365582544257
2429,AI,82.0,0.5930041152263374
2430,,,
2431,AI,71.0,0.5929276315789473
2432,AI,41.0,0.593094944512947
2433,Bot,50.0,0.38578471651602303
2434,Bot,59.0,0.3860369609856263
2435,AI,27.0,0.5927750410509032
2436,AI,45.0,0.5929421419778416
2437,AI,93.0,0.5931091058244463
2438,Bot,27.0,0.3858138581385814
2439,Bot,33.0,0.3860655737704918
2440,Bot,35.0,0.38631708316263824
2441,,,
2442,Bot,56.0,0.3864101514531314
2443,AI,39.0,0.5920621931260229
2444,Bot,92.0,0.38650306748466257
2445,AI,43.0,0.5919869174161897
2446,Bot,128.0,0.38659583163056804
2447,AI,28.0,0.5919117647058824
2448,AI,50.0,0.5920783993466721
2449,AI,14.0,0.5922448979591837
2450,AI,45.0,0.5924112607099143
2451,AI,29.0,0.5925774877650897
2452,Bot,18.0,0.3860578883000408
2453,Bot,118.0,0.3863080684596577
2454,AI,39.0,0.5922606924643584
2455,AI,67.0,0.5924267100977199
2456,AI,25.0,0.5925925925925926
2457,AI,144.0,0.5927583401139137
2458,AI,18.0,0.5929239528263521
2459,Bot,80.0,0.3857723577235772
2460,AI,86.0,0.5928484355952864
2461,Bot,80.0,0.38586515028432167
2462,Bot,73.0,0.3861144945188794
2463,Bot,14.0,0.38636363636363635
2464,Bot,82.0,0.38661257606490873
2465,Bot,95.0,0.38686131386861317
2466,AI,79.0,0.5918119173084718
2467,AI,12.0,0.5919773095623987
2468,Bot,74.0,0.3867962737950587
2469,AI,26.0,0.5919028340080972
2470,AI,64.0,0.5920679886685553
2471,,,
2472,AI,27.0,0.5919935301253538
2473,AI,32.0,0.5921584478577203
2474,AI,12.0,0.5923232323232324
2475,Bot,45.0,0.3861066235864297
2476,Bot,56.0,0.38635446104158255
2477,Bot,136.0,0.38660209846650523
2478,AI,60.0,0.5917708753529649
2479,Bot,66.0,0.3866935483870968
2480,AI,29.0,0.5916968964127368
2481,AI,42.0,0.5918614020950846
2482,AI,76.0,0.5920257752718485
2483,AI,64.0,0.5921900161030595
2484,AI,39.0,0.5923541247484909
2485,AI,60.0,0.5925181013676589
2486,Bot,46.0,0.38600723763570566
2487,AI,97.0,0.592443729903537
2488,AI,27.0,0.592607472880675
2489,AI,18.0,0.5927710843373494
2490,AI,34.0,0.592934564431955
2491,Bot,59.0,0.38563402889245585
2492,Bot,49.0,0.385880465302848
2493,AI,47.0,0.5926222935044105
2494,AI,24.0,0.5927855711422846
2495,AI,30.0,0.592948717948718
2496,AI,87.0,0.5931117340808971
2497,AI,36.0,0.5932746196957566
2498,,,
2499,AI,61.0,0.5932
2500,,,
2501,AI,28.0,0.5931254996003198
2502,AI,37.0,0.5932880543347983
2503,AI,33.0,0.5934504792332268
2504,Bot,84.0,0.3844311377245509
2505,Bot,35.0,0.3846767757382282
2506,Bot,52.0,0.3849222177901875
2507,AI,58.0,0.5929027113237639
2508,AI,57.0,0.5930649661219609
2509,Bot,19.0,0.3848605577689243
2510,AI,98.0,0.5929908403026682
2511,Bot,80.0,0.38495222929936307
2512,AI,89.0,0.59291683247115
2513,AI,45.0,0.5930787589498807
2514,Bot,74.0,0.3848906560636183
2515,Bot,17.0,0.38513513513513514
2516,Bot,33.0,0.38537941994437824
2517,Bot,58.0,0.3856235107227959
2518,AI,70.0,0.59229853116316
2519,AI,15.0,0.5924603174603175
2520,AI,45.0,0.5926219754065847
2521,AI,138.0,0.5927835051546392
2522,AI,35.0,0.5929449068569164
2523,AI,57.0,0.5931061806656102
2524,AI,56.0,0.5932673267326732
2525,AI,49.0,0.5934283452098179
2526,Bot,131.0,0.3846458250890384
2527,Bot,39.0,0.3848892405063291
2528,AI,66.0,0.5931198102016607
2529,AI,47.0,0.5932806324110672
2530,AI,49.0,0.5934413275385223
2531,AI,42.0,0.5936018957345972
2532,AI,70.0,0.5937623371496249
2533,AI,100.0,0.5939226519337016
2534,AI,19.0,0.5940828402366863
2535,AI,58.0,0.5942429022082019
2536,Bot,54.0,0.3839180134016555
2537,Bot,69.0,0.38416075650118203
2538,AI,65.0,0.5939346199291059
2539,,,
2540,AI,27.0,0.5938606847697757
2541,AI,150.0,0.5940204563335956
2542,AI,29.0,0.5941801022414471
2543,AI,24.0,0.5943396226415094
2544,AI,12.0,0.5944990176817289
2545,Bot,79.0,0.38334642576590733
2546,Bot,30.0,0.38358853553199845
2547,Bot,77.0,0.3838304552590267
2548,AI,29.0,0.5939584150647312
2549,AI,35.0,0.5941176470588235
2550,AI,18.0,0.5942767542140337
2551,Bot,55.0,0.38362068965517243
2552,Bot,43.0,0.3838621229925578
2553,,,
2554,Bot,137.0,0.38395303326810176
2555,AI,41.0,0.5935054773082942
2556,,,
2557,Bot,65.0,0.38389366692728694
2558,AI,19.0,0.593200468933177
2559,AI,32.0,0.593359375
2560,,,
2561,Bot,60.0,0.3836846213895394
2562,Bot,34.0,0.38392508778774875
2563,Bot,26.0,0.3841653666146646
2564,Bot,109.0,0.38440545808966864
2565,Bot,27.0,0.3846453624318005
2566,Bot,64.0,0.38488507985975845
2567,Bot,27.0,0.3851246105919003
2568,AI,34.0,0.5916699104710004
2569,AI,42.0,0.5918287937743191
2570,AI,15.0,0.5919875534811357
2571,AI,31.0,0.5921461897356143
2572,AI,16.0,0.5923047026816946
2573,Bot,100.0,0.38461538461538464
2574,Bot,20.0,0.38485436893203884
2575,AI,53.0,0.5920031055900621
2576,AI,73.0,0.5921614280170742
2577,Bot,41.0,0.3847944142746315
2578,AI,44.0,0.5920899573478092
2579,Bot,103.0,0.38488372093023254
2580,Bot,86.0,0.38512204571871367
2581,Bot,35.0,0.38536018590240123
2582,Bot,113.0,0.38559814169570267
2583,AI,46.0,0.5913312693498453
2584,AI,65.0,0.5914893617021276
2585,AI,81.0,0.5916473317865429
2586,Bot,120.0,0.3853884808658678
2587,AI,93.0,0.5915765069551777
2588,AI,89.0,0.5917342603321746
2589,Bot,56.0,0.3853281853281853
2590,AI,64.0,0.5916634504052489
2591,Bot,49.0,0.3854166666666667
2592,Bot,25.0,0.38565368299267255
2593,Bot,67.0,0.38589051657671547
2594,AI,64.0,0.5911368015414258
2595,Bot,44.0,0.3859784283513097
2596,Bot,37.0,0.3862148633038121
2597,AI,92.0,0.5908391070053888
2598,AI,36.0,0.5909965371296653
2599,Bot,37.0,0.3861538461538462
2600,AI,86.0,0.5909265667051135
2601,Bot,13.0,0.3862413528055342
2602,AI,71.0,0.5908567038033039
2603,AI,127.0,0.5910138248847926
2604,AI,10.0,0.5911708253358925
2605,AI,47.0,0.591327705295472
2606,AI,26.0,0.5914844649021864
2607,Bot,67.0,0.3857361963190184
2608,AI,113.0,0.5914143349942507
2609,AI,21.0,0.5915708812260536
2610,AI,46.0,0.5917273075450019
2611,Bot,48.0,0.38552833078101073
2612,AI,100.0,0.5916570991197857
2613,AI,71.0,0.5918133129303749
2614,AI,10.0,0.5919694072657744
2615,AI,35.0,0.5921253822629969
2616,AI,31.0,0.592281238058846
2617,Bot,81.0,0.3850267379679144
2618,Bot,38.0,0.3852615502100038
2619,AI,101.0,0.5919847328244274
2620,AI,28.0,0.5921404044257916
2621,Bot,123.0,0.38520213577421814
2622,Bot,18.0,0.38543652306519255
2623,AI,37.0,0.5918445121951219
2624,AI,35.0,0.592
2625,AI,66.0,0.5921553693830921
2626,Bot,54.0,0.3852303007232585
2627,,,
2628,Bot,49.0,0.38531761125903385
2629,AI,41.0,0.5916349809885931
2630,Bot,104.0,0.38540478905359177
2631,Bot,26.0,0.38563829787234044
2632,AI,46.0,0.5913406760349411
2633,Bot,31.0,0.38572513287775245
2634,Bot,79.0,0.38595825426944974
2635,AI,130.0,0.5910470409711684
2636,AI,82.0,0.5912021236253319
2637,Bot,36.0,0.3858984078847612
2638,Bot,29.0,0.3861311102690413
2639,AI,58.0,0.5909090909090909
2640,AI,23.0,0.5910639909125331
2641,Bot,41.0,0.38607115821347465
2642,AI,148.0,0.5909950813469542
2643,Bot,25.0,0.3861573373676248
2644,AI,94.0,0.5909262759924385
2645,AI,31.0,0.5910808767951625
2646,AI,32.0,0.5912353607857952
2647,AI,83.0,0.5913897280966768
2648,AI,19.0,0.5915439788599471
2649,Bot,37.0,0.38566037735849057
2650,Bot,20.0,0.38589211618257263
2651,AI,53.0,0.5912518853695324
2652,AI,31.0,0.5914059555220506
2653,AI,86.0,0.5915599095704597
2654,Bot,18.0,0.3856873822975518
2655,Bot,106.0,0.3859186746987952
2656,AI,54.0,0.5912683477606323
2657,AI,36.0,0.5914221218961625
2658,AI,22.0,0.5915757803685596
2659,AI,13.0,0.5917293233082707
2660,AI,25.0,0.5918827508455468
2661,AI,33.0,0.5920360631104433
2662,AI,121.0,0.5921892602328201
2663,Bot,37.0,0.38513513513513514
2664,AI,59.0,0.5921200750469043
2665,AI,12.0,0.5922730682670667
2666,Bot,114.0,0.385076865391826
2667,Bot,98.0,0.3853073463268366
2668,Bot,61.0,0.38553765455226674
2669,Bot,139.0,0.3857677902621723
2670,AI,38.0,0.5915387495320105
2671,AI,67.0,0.5916916167664671
2672,AI,71.0,0.5918443696221474
2673,Bot,64.0,0.3855646970830217
2674,Bot,17.0,0.3857943925233645
2675,Bot,12.0,0.3860239162929746
2676,AI,39.0,0.5913335823683228
2677,AI,90.0,0.5914861837191935
2678,Bot,30.0,0.38596491228070173
2679,Bot,48.0,0.38619402985074625
2680,Bot,36.0,0.38642297650130547
2681,Bot,29.0,0.3866517524235645
2682,Bot,27.0,0.3868803578084234
2683,AI,111.0,0.5905365126676602
2684,AI,65.0,0.5906890130353818
2685,AI,65.0,0.5908413998510796
2686,AI,75.0,0.5909936732415333
2687,Bot,24.0,0.3865327380952381
2688,AI,56.0,0.5909259947936035
2689,AI,22.0,0.5910780669144982
2690,AI,41.0,0.5912300260126347
2691,AI,23.0,0.5913818722139673
2692,Bot,81.0,0.38618640920906055
2693,Bot,77.0,0.38641425389755013
2694,AI,147.0,0.5910946196660483
2695,Bot,41.0,0.38649851632047477
2696,AI,67.0,0.5910270671116055
2697,Bot,52.0,0.3865826538176427
2698,AI,106.0,0.5909596146721008
2699,,,
2700,Bot,46.0,0.38652350981118105
2701,Bot,136.0,0.38675055514433754
2702,AI,100.0,0.5904550499445061
2703,AI,43.0,0.5906065088757396
2704,Bot,24.0,0.3866913123844732
2705,Bot,42.0,0.3869179600886918
2706,AI,50.0,0.5903213889915035
2707,AI,47.0,0.5904726735598228
2708,AI,41.0,0.5906238464378
2709,AI,116.0,0.5907749077490775
2710,AI,70.0,0.5909258576171155
2711,AI,31.0,0.5910766961651918
2712,AI,37.0,0.5912274235164026
2713,Bot,44.0,0.38614591009579957
2714,AI,118.0,0.5911602209944752
2715,AI,59.0,0.5913107511045655
2716,AI,54.0,0.5914611704085388
2717,AI,27.0,0.5916114790286976
2718,AI,24.0,0.5917616770871644
2719,AI,50.0,0.5919117647058824
2720,Bot,78.0,0.38552002940095553
2721,AI,24.0,0.5918442321822189
2722,AI,161.0,0.5919941241278002
2723,Bot,71.0,0.3854625550660793
2724,Bot,63.0,0.3856880733944954
2725,Bot,29.0,0.3859134262655906
2726,AI,103.0,0.5914924825815915
2727,Bot,74.0,0.38599706744868034
2728,AI,134.0,0.5914254305606449
2729,AI,16.0,0.5915750915750916
2730,AI,80.0,0.5917246429879165
2731,AI,90.0,0.5918740849194729
2732,AI,53.0,0.5920234174899378
2733,AI,35.0,0.5921726408193123
2734,AI,41.0,0.5923217550274223
2735,Bot,108.0,0.385233918128655
2736,AI,89.0,0.5922542930215564
2737,AI,27.0,0.5924032140248356
2738,AI,23.0,0.592552026286966
2739,Bot,73.0,0.38503649635036497
2740,Bot,60.0,0.3852608537030281
2741,Bot,54.0,0.38548504741064915
2742,AI,25.0,0.5920524972657674
2743,AI,29.0,0.592201166180758
2744,AI,149.0,0.5923497267759563
2745,Bot,28.0,0.38528769118718137
2746,Bot,57.0,0.3855114670549691
2747,Bot,43.0,0.38573508005822416
2748,Bot,66.0,0.3859585303746817
2749,AI,63.0,0.5916363636363636
2750,Bot,58.0,0.386041439476554
2751,AI,54.0,0.5915697674418605
2752,Bot,49.0,0.38612422811478386
2753,Bot,101.0,0.3863471314451707
2754,Bot,44.0,0.38656987295825773
2755,AI,43.0,0.5910740203193033
2756,AI,20.0,0.5912223431265868
2757,AI,40.0,0.5913705583756346
2758,AI,80.0,0.5915186661833998
2759,AI,42.0,0.5916666666666667
2760,AI,111.0,0.59181455994205
2761,Bot,46.0,0.38595220854453294
2762,Bot,17.0,0.3861744480636989
2763,Bot,68.0,0.38639652677279307
2764,AI,125.0,0.5913200723327305
2765,AI,47.0,0.591467823571945
2766,AI,26.0,0.5916154680159017
2767,AI,75.0,0.5917630057803468
2768,,,
2769,AI,45.0,0.591696750902527
2770,AI,14.0,0.5918440996030314
2771,AI,90.0,0.591991341991342
2772,AI,29.0,0.5921384781824739
2773,Bot,33.0,0.38536409516943043
2774,Bot,108.0,0.3855855855855856
2775,Bot,20.0,0.385806916426513
2776,AI,96.0,0.5916456607850198
2777,Bot,55.0,0.3858891288696904
2778,Bot,62.0,0.3861101115509176
2779,Bot,19.0,0.38633093525179857
2780,Bot,12.0,0.38655160014383316
2781,Bot,48.0,0.38677210639827464
2782,Bot,34.0,0.3869924541861301
2783,AI,21.0,0.5905172413793104
2784,AI,88.0,0.5906642728904847
2785,,,
2786,Bot,52.0,0.3867958378184428
2787,AI,61.0,0.5903873744619799
2788,AI,19.0,0.5905342416636787
2789,AI,112.0,0.5906810035842294
2790,AI,34.0,0.5908276603367969
2791,AI,31.0,0.5909742120343839
2792,AI,52.0,0.5911206587898318
2793,AI,55.0,0.5912670007158196
2794,AI,19.0,0.5914132379248659
2795,AI,78.0,0.5915593705293276
2796,AI,70.0,0.5917053986414015
2797,AI,35.0,0.5918513223731237
2798,AI,37.0,0.5919971418363701
2799,,,
2800,Bot,73.0,0.385219564441271
2801,Bot,83.0,0.3854389721627409
2802,AI,58.0,0.5915090973956475
2803,Bot,56.0,0.3855206847360913
2804,AI,29.0,0.5914438502673797
2805,Bot,25.0,0.3856022808267997
2806,AI,72.0,0.5913786961168507
2807,AI,87.0,0.5915242165242165
2808,AI,28.0,0.5916696333214667
2809,AI,93.0,0.5918149466192171
2810,AI,18.0,0.591960156527926
2811,AI,32.0,0.5921052631578947
2812,Bot,90.0,0.3849982225382154
2813,AI,84.0,0.5920398009950248
2814,Bot,31.0,0.3850799289520426
2815,Bot,69.0,0.38529829545454547
2816,AI,39.0,0.5917642882499112
2817,AI,17.0,0.5919091554293825
2818,AI,24.0,0.5920539198297269
2819,AI,129.0,0.5921985815602837
2820,AI,23.0,0.5923431407302375
2821,Bot,85.0,0.3848334514528703
2822,AI,76.0,0.5922777187389302
2823,Bot,167.0,0.38491501416430596
2824,Bot,80.0,0.3851327433628319
2825,Bot,46.0,0.3853503184713376
2826,Bot,58.0,0.3855677396533428
2827,AI,35.0,0.5915841584158416
2828,AI,54.0,0.591728525980912
2829,AI,28.0,0.5918727915194346
2830,Bot,39.0,0.385376192158248
2831,Bot,82.0,0.3855932203389831
2832,AI,34.0,0.5915990116484292
2833,Bot,45.0,0.3856739590684545
2834,AI,46.0,0.5915343915343916
2835,AI,20.0,0.5916784203102962
2836,AI,18.0,0.5918223475502291
2837,AI,93.0,0.5919661733615222
2838,,,
2839,Bot,84.0,0.3852112676056338
2840,Bot,17.0,0.38542766631467795
2841,AI,43.0,0.5914848698099929
2842,Bot,98.0,0.3855082659162856
2843,Bot,51.0,0.38572433192686356
2844,AI,134.0,0.5912126537785589
2845,AI,22.0,0.5913562895291637
2846,AI,17.0,0.5914998243765367
2847,AI,81.0,0.5916432584269663
2848,AI,36.0,0.5917865917865918
2849,AI,20.0,0.5919298245614035
2850,AI,23.0,0.592072956857243
2851,Bot,40.0,0.3849929873772791
2852,Bot,80.0,0.3852085524009814
2853,Bot,37.0,0.3854239663629993
2854,Bot,32.0,0.3856392294220666
2855,Bot,76.0,0.3858543417366947
2856,AI,103.0,0.5911795589779489
2857,AI,68.0,0.5913226032190343
2858,Bot,65.0,0.3857992305001749
2859,AI,51.0,0.5912587412587412
2860,Bot,48.0,0.3858790632645928
2861,AI,28.0,0.5911949685534591
2862,Bot,24.0,0.38595878449179183
2863,Bot,61.0,0.3861731843575419
2864,AI,115.0,0.5909249563699825
2865,AI,40.0,0.5910676901605024
2866,Bot,25.0,0.3861178932682246
2867,Bot,23.0,0.38633193863319387
2868,AI,89.0,0.5907981875217846
2869,AI,95.0,0.5909407665505226
2870,AI,46.0,0.59108324625566
2871,AI,27.0,0.591225626740947
2872,AI,46.0,0.5913679081099895
2873,AI,23.0,0.5915100904662491
2874,AI,89.0,0.5916521739130435
2875,AI,94.0,0.5917941585535466
2876,AI,34.0,0.5919360444907891
2877,Bot,30.0,0.38533703961084087
2878,AI,45.0,0.5918721778395276
2879,Bot,25.0,0.3854166666666667
2880,AI,26.0,0.5918083998611593
2881,AI,78.0,0.5919500346981263
2882,AI,68.0,0.5920915712799167
2883,AI,42.0,0.5922330097087378
2884,Bot,68.0,0.3850953206239168
2885,Bot,14.0,0.3853083853083853
2886,Bot,62.0,0.38552130239002425
2887,AI,52.0,0.5917590027700831
2888,Bot,82.0,0.38560055382485287
2889,AI,30.0,0.5916955017301038
2890,Bot,157.0,0.3856796956070564
2891,Bot,58.0,0.38589211618257263
2892,Bot,39.0,0.3861043899066713
2893,AI,19.0,0.5912232204561161
2894,Bot,13.0,0.3861830742659758
2895,AI,98.0,0.5911602209944752
2896,AI,17.0,0.5913013462202278
2897,AI,27.0,0.5914423740510697
2898,AI,15.0,0.5915833045877888
2899,AI,89.0,0.5917241379310345
2900,Bot,118.0,0.3857290589451913
2901,Bot,86.0,0.3859407305306685
2902,AI,39.0,0.5914571133310369
2903,,,
2904,Bot,49.0,0.38588640275387265
2905,Bot,27.0,0.3860977288368892
2906,AI,81.0,0.5909872721018232
2907,Bot,85.0,0.3861760660247593
2908,Bot,64.0,0.3863870745960811
2909,AI,44.0,0.5907216494845361
2910,Bot,23.0,0.3864651322569564
2911,AI,35.0,0.5906593406593407
2912,Bot,63.0,0.3865430827325781
2913,,,
2914,Bot,64.0,0.38662092624356775
2915,Bot,27.0,0.3868312757201646
2916,AI,66.0,0.5899897154610901
2917,AI,67.0,0.5901302261823167
2918,AI,47.0,0.5902706406303528
2919,Bot,152.0,0.38664383561643834
2920,AI,73.0,0.5902088325915782
2921,AI,75.0,0.5903490759753593
2922,AI,69.0,0.5904892234006158
2923,AI,47.0,0.5906292749658003
2924,AI,15.0,0.5907692307692308
2925,AI,43.0,0.5909090909090909
2926,AI,13.0,0.5910488554834301
2927,AI,75.0,0.5911885245901639
2928,AI,29.0,0.5913280983270741
2929,AI,29.0,0.5914675767918088
2930,AI,133.0,0.5916069600818833
2931,Bot,92.0,0.38540245566166437
2932,Bot,118.0,0.3856120013637913
2933,Bot,27.0,0.3858214042263122
2934,Bot,66.0,0.38603066439523
2935,Bot,106.0,0.3862397820163488
2936,Bot,15.0,0.3864487572352741
2937,AI,34.0,0.5905377808032676
2938,AI,112.0,0.5906771010547806
2939,Bot,57.0,0.38639455782312926
2940,AI,47.0,0.5906154369262155
2941,Bot,140.0,0.3864717878993882
2942,Bot,37.0,0.3866802582398913
2943,,,
2944,AI,68.0,0.5901528013582343
2945,AI,27.0,0.5902919212491514
2946,AI,17.0,0.5904309467254836
2947,AI,29.0,0.5905698778833107
2948,AI,62.0,0.5907087148185826
2949,Bot,47.0,0.38610169491525426
2950,AI,59.0,0.5906472382243307
2951,AI,14.0,0.5907859078590786
2952,AI,49.0,0.5909244835760243
2953,AI,126.0,0.5910629654705484
2954,AI,46.0,0.5912013536379018
2955,AI,47.0,0.591339648173207
2956,AI,21.0,0.5914778491714575
2957,,,
2958,,,
2959,AI,93.0,0.5912162162162162
2960,AI,46.0,0.591354272205336
2961,AI,25.0,0.5914922349763673
2962,Bot,30.0,0.3847451906851164
2963,Bot,90.0,0.3849527665317139
2964,AI,23.0,0.5912310286677909
2965,Bot,65.0,0.38503034389750507
2966,AI,80.0,0.5911695315133131
2967,AI,25.0,0.5913072776280324
2968,AI,65.0,0.5914449309531828
2969,AI,47.0,0.5915824915824915
2970,Bot,29.0,0.38471894984853583
2971,AI,44.0,0.5915208613728129
2972,,,
2973,Bot,71.0,0.3846671149966375
2974,AI,40.0,0.5912605042016806
2975,Bot,52.0,0.384744623655914
2976,Bot,181.0,0.38495129324823646
2977,AI,34.0,0.5910006715916722
2978,AI,25.0,0.5911379657603223
2979,AI,19.0,0.5912751677852349
2980,Bot,52.0,0.384770211338477
2981,AI,50.0,0.5912139503688799
2982,AI,35.0,0.5913509889373114
2983,AI,27.0,0.5914879356568364
2984,AI,35.0,0.5916247906197655
2985,Bot,120.0,0.3844608171466845
2986,AI,75.0,0.5915634415801808
2987,AI,68.0,0.5917001338688086
2988,Bot,51.0,0.3844095015055202
2989,Bot,19.0,0.38461538461538464
2990,AI,67.0,0.5914409896355733
2991,Bot,69.0,0.38469251336898397
2992,AI,50.0,0.5913798864016038
2993,AI,45.0,0.5915163660654643
2994,AI,38.0,0.591652754590985
2995,AI,14.0,0.5917890520694259
2996,AI,122.0,0.5919252585919252
2997,AI,14.0,0.5920613742494997
2998,AI,41.0,0.5921973991330444
2999,AI,84.0,0.5923333333333334
